m000,m001,m003,m004,m005,m006,m007,m009,m010,m012,m013,m014,m015,m016,m017,m018,m019,m020,m022,m023,m024,m025,m027,m028,m029,m030,m031,m032,m033,m034,m035,m036,m037,m038,m040,m041,m042,m044,m045,m046,m047,m049,m051,m052,m053,m054,m055,m056,m057,m059,m061,m062,m063
17.795176,14.025656,15.438896,21.712374,15.662206,15.114575,26.577374,14.928358,15.908771,15.184683,15.577985,15.28706,17.112568,14.442133,15.383499,16.752037,15.865068,44.593895,15.57362,14.73035,15.005728,11.652354,16.877674,13.757064,15.551946,15.882294,14.5343,18.102013,14.542288,17.036655,14.389568,14.82687,14.434724,14.613084,14.552823,15.635069,14.083966,12.157606,15.304543,16.533585,16.122969,16.607082,18.47216,13.8577585,14.540337,14.146058,14.4866905,16.803066,13.782421,12.454279,15.222368,15.493963,14.418379
17.794018,14.023489,15.444257,21.713137,15.660411,15.120399,26.568272,14.928783,15.909983,15.189697,15.5815735,15.287367,17.106247,14.441238,15.380323,16.754768,15.866828,44.59671,15.572976,14.734152,15.004674,11.65491,16.871998,13.7570305,15.555879,15.890154,14.542124,18.10201,14.545475,17.046822,14.389093,14.824627,14.437452,14.60783,14.553496,15.639367,14.087606,12.153135,15.300881,16.532578,16.117054,16.605253,18.480717,13.853615,14.539701,14.149359,14.497427,16.800514,13.785856,12.4551325,15.2197695,15.498915,14.415395
17.79684,14.025322,15.438106,21.712471,15.663286,15.122692,26.568874,14.93111,15.912671,15.193163,15.579592,15.290593,17.116219,14.444295,15.381619,16.751263,15.865929,44.589367,15.576972,14.731981,15.010279,11.655785,16.87247,13.757489,15.561075,15.886696,14.548109,18.099081,14.545213,17.041142,14.388088,14.82725,14.436508,14.609545,14.55501,15.634322,14.084444,12.157283,15.303625,16.536194,16.12394,16.601498,18.481926,13.857212,14.541103,14.151848,14.494676,16.795094,13.786304,12.457735,15.222366,15.49968,14.422189
17.799812,14.02994,15.43759,21.71576,15.664151,15.124544,26.572927,14.93374,15.915054,15.191633,15.57894,15.294867,17.108555,14.444031,15.392926,16.750593,15.866935,44.59728,15.581537,14.732536,15.009377,11.656094,16.87281,13.7609005,15.570135,15.88537,14.553745,18.10888,14.550485,17.04988,14.390793,14.824944,14.434164,14.609983,14.554232,15.644438,14.09069,12.160084,15.30563,16.535156,16.13029,16.606567,18.48402,13.85906,14.5392685,14.154185,14.496127,16.80309,13.791716,12.456573,15.221266,15.50572,14.425315
17.814028,14.036974,15.43354,21.72313,15.67494,15.126974,26.589931,14.934793,15.924673,15.202084,15.58984,15.290506,17.10994,14.450392,15.39525,16.75137,15.875025,44.606075,15.588396,14.735263,15.017178,11.666929,16.88822,13.767215,15.580363,15.893095,14.555323,18.11871,14.552113,17.055851,14.403395,14.8323555,14.438011,14.618938,14.562803,15.650144,14.099718,12.167173,15.303478,16.554413,16.138353,16.61465,18.48616,13.864189,14.547213,14.158369,14.501581,16.805115,13.7999325,12.461267,15.222934,15.507495,14.435399
17.830536,14.042072,15.451824,21.74276,15.689925,15.138569,26.608402,14.946166,15.935205,15.214064,15.6012,15.300236,17.12014,14.458425,15.410402,16.775185,15.889352,44.61463,15.598234,14.741333,15.02492,11.672632,16.89945,13.778517,15.582508,15.904293,14.560467,18.122992,14.560504,17.063625,14.409136,14.834446,14.447763,14.625944,14.573631,15.661344,14.101227,12.170439,15.311714,16.554644,16.148037,16.624296,18.498878,13.86651,14.553313,14.1582775,14.510951,16.814484,13.8097725,12.475993,15.2277355,15.518059,14.438576
17.835009,14.045595,15.461095,21.748901,15.691295,15.128844,26.609715,14.941996,15.938173,15.21207,15.606094,15.308403,17.117783,14.462109,15.412062,16.779154,15.889118,44.60161,15.59702,14.745338,15.028515,11.675587,16.894352,13.781994,15.584484,15.906518,14.552515,18.122023,14.566223,17.07109,14.412578,14.838015,14.449856,14.6316395,14.575569,15.663503,14.106735,12.172175,15.318515,16.559805,16.150885,16.624256,18.51147,13.863191,14.556438,14.163937,14.509096,16.812153,13.8113575,12.484634,15.229495,15.521521,14.443653
17.83417,14.037378,15.453053,21.736925,15.685057,15.124627,26.60821,14.937817,15.93359,15.211741,15.596874,15.300209,17.108576,14.456681,15.403933,16.780125,15.8856945,44.607193,15.592661,14.741601,15.026554,11.668419,16.887213,13.773613,15.5806675,15.893806,14.540704,18.109856,14.555394,17.06701,14.402654,14.838938,14.443889,14.630159,14.570814,15.65868,14.102774,12.169761,15.308786,16.54903,16.149866,16.62393,18.503716,13.862209,14.547072,14.159293,14.506373,16.80793,13.807823,12.487549,15.223587,15.513741,14.439641
17.82287,14.026274,15.439337,21.71978,15.676796,15.115564,26.585392,14.926277,15.91427,15.201723,15.584509,15.290516,17.102379,14.447069,15.392294,16.772562,15.877752,44.583878,15.58145,14.734646,15.018517,11.6600685,16.874588,13.757611,15.567896,15.88437,14.534224,18.102201,14.5453415,17.049957,14.394211,14.834358,14.433053,14.615144,14.563049,15.645227,14.097677,12.163774,15.293209,16.535244,16.135162,16.61657,18.491867,13.855308,14.541092,14.145687,14.494856,16.789509,13.800915,12.478719,15.21463,15.508152,14.436115
17.80701,14.019455,15.429063,21.709917,15.671312,15.106804,26.575314,14.915528,15.908538,15.193628,15.569623,15.282639,17.096197,14.434825,15.379366,16.761742,15.870855,44.591812,15.576869,14.7285,15.006609,11.656095,16.866903,13.7520685,15.558361,15.879561,14.529009,18.09538,14.53812,17.036572,14.384642,14.825993,14.426081,14.608347,14.550835,15.633575,14.088526,12.154857,15.288761,16.532606,16.127157,16.61142,18.479214,13.851292,14.539139,14.138823,14.4814625,16.773945,13.794159,12.463526,15.205046,15.505008,14.421423
17.799343,14.014278,15.423906,21.705204,15.666992,15.103733,26.567358,14.911484,15.901312,15.18822,15.56701,15.2782755,17.09516,14.435036,15.374439,16.755224,15.866402,44.589954,15.572756,14.723038,14.999952,11.650272,16.860914,13.745541,15.551876,15.878886,14.528984,18.081417,14.53533,17.030205,14.379197,14.826588,14.424971,14.6034,14.544071,15.630866,14.084559,12.145995,15.289337,16.526815,16.122757,16.612316,18.482376,13.848564,14.530376,14.128765,14.481805,16.773884,13.7918,12.452192,15.200192,15.498444,14.41435
17.803745,14.006422,15.41295,21.700907,15.667731,15.099636,26.564495,14.911727,15.899736,15.191837,15.565005,15.283172,17.08775,14.433386,15.37515,16.754564,15.86087,44.57918,15.572977,14.719663,15.004457,11.649162,16.855764,13.741837,15.550212,15.87246,14.525342,18.084538,14.529415,17.016413,14.370604,14.82621,14.426905,14.59998,14.550089,15.629325,14.086105,12.145199,15.290164,16.529491,16.117805,16.609806,18.480495,13.843679,14.529156,14.127253,14.482029,16.775217,13.789553,12.447433,15.197388,15.500275,14.415613
17.799532,14.008212,15.410732,21.694977,15.667015,15.096142,26.566948,14.909943,15.893998,15.190886,15.56704,15.279735,17.086098,14.44029,15.37628,16.752777,15.859289,44.58367,15.569623,14.71613,15.004713,11.644906,16.85337,13.742186,15.551828,15.868109,14.522863,18.081049,14.526216,17.016647,14.3723545,14.817475,14.428488,14.599726,14.544111,15.622864,14.08445,12.147808,15.280861,16.5228,16.1184,16.607407,18.475492,13.850203,14.531703,14.123924,14.482342,16.786171,13.787171,12.446637,15.198936,15.500387,14.416432
17.79707,14.003324,15.411054,21.68732,15.663929,15.096361,26.550575,14.905217,15.89288,15.183092,15.558167,15.27952,17.080341,14.440304,15.379764,16.744972,15.854624,44.590305,15.567164,14.717723,15.005282,11.643184,16.855267,13.740369,15.549567,15.8691025,14.5174675,18.0837,14.523569,17.013643,14.372722,14.809971,14.421335,14.594154,14.540107,15.6195,14.084808,12.14713,15.279354,16.514687,16.114794,16.60878,18.46966,13.844995,14.526934,14.124293,14.473698,16.772156,13.786609,12.445654,15.197872,15.502338,14.417471
17.790258,13.999735,15.408388,21.678692,15.665205,15.088295,26.544113,14.903198,15.898132,15.187166,15.55958,15.269485,17.068691,14.432141,15.373819,16.740805,15.850256,44.600132,15.5588,14.712408,14.997955,11.642872,16.853294,13.741952,15.548753,15.868446,14.514498,18.083233,14.519042,17.010376,14.361842,14.805704,14.416362,14.596854,14.535637,15.621981,14.078188,12.143084,15.278782,16.513357,16.113825,16.603004,18.47298,13.833994,14.527989,14.119978,14.470856,16.766098,13.784495,12.445408,15.197884,15.502832,14.416088
17.786747,13.998272,15.415134,21.690517,15.662212,15.089317,26.538748,14.903564,15.897556,15.184328,15.561287,15.270063,17.072636,14.426586,15.37151,16.738491,15.848445,44.581905,15.55599,14.709779,14.991835,11.645773,16.857754,13.744017,15.548054,15.866518,14.516277,18.08115,14.517294,17.005814,14.366358,14.800909,14.415625,14.590737,14.532108,15.619383,14.074233,12.143793,15.272562,16.511444,16.107704,16.601551,18.471722,13.829644,14.524338,14.117718,14.468971,16.759018,13.781801,12.4436,15.19599,15.501856,14.417898
17.7838,14.001379,15.411752,21.700745,15.660942,15.093029,26.544533,14.903744,15.90213,15.181881,15.564395,15.269658,17.072706,14.427366,15.372466,16.740982,15.8513565,44.57731,15.557365,14.709979,14.988331,11.646395,16.850773,13.737854,15.549553,15.863743,14.52383,18.07777,14.520111,17.013447,14.362558,14.800038,14.41618,14.596113,14.530319,15.620209,14.07218,12.144912,15.277725,16.517859,16.106735,16.59573,18.471527,13.828289,14.523418,14.114773,14.469353,16.763687,13.781685,12.444056,15.197893,15.503252,14.412603
17.792616,14.009938,15.411586,21.698746,15.663047,15.096427,26.563625,14.909838,15.905094,15.18341,15.574915,15.272949,17.07468,14.430354,15.374319,16.748446,15.857675,44.5982,15.56578,14.707315,14.998487,11.646462,16.852856,13.744272,15.545378,15.867531,14.534481,18.081146,14.51915,17.018656,14.362654,14.800055,14.42031,14.59978,14.532822,15.624063,14.074747,12.148462,15.273893,16.523064,16.111073,16.598629,18.475216,13.8322735,14.527454,14.1209755,14.469084,16.763638,13.783747,12.444168,15.201379,15.503335,14.417942
17.797066,14.012554,15.419685,21.711632,15.669018,15.108847,26.572332,14.914881,15.907896,15.179033,15.579714,15.278418,17.078754,14.434887,15.377033,16.749722,15.865913,44.6158,15.570358,14.713867,15.000272,11.647335,16.852068,13.746439,15.541492,15.875864,14.546658,18.082455,14.526321,17.020327,14.371021,14.803822,14.4275255,14.602437,14.539328,15.625594,14.074074,12.150532,15.27648,16.529457,16.11219,16.602142,18.474472,13.837996,14.53793,14.125023,14.470121,16.769861,13.788881,12.449284,15.204347,15.50713,14.423792
17.804737,14.012903,15.413002,21.725172,15.673337,15.114258,26.585388,14.919336,15.912907,15.183996,15.588073,15.283018,17.082962,14.441254,15.380463,16.75759,15.870857,44.614746,15.579126,14.717386,14.998091,11.647501,16.873344,13.743353,15.548092,15.872447,14.553137,18.07976,14.529342,17.015121,14.379278,14.810355,14.432865,14.60742,14.541651,15.639623,14.075046,12.155979,15.278187,16.534382,16.120895,16.603975,18.478207,13.8389015,14.540722,14.135202,14.4807205,16.781265,13.793346,12.452793,15.218611,15.519192,14.432295
17.808746,14.022179,15.429182,21.734612,15.674461,15.120525,26.58318,14.925205,15.915331,15.189066,15.600351,15.284827,17.092981,14.442173,15.385497,16.760988,15.875046,44.610786,15.582977,14.721519,14.9991455,11.656731,16.873264,13.751846,15.551603,15.883566,14.5584545,18.088661,14.538469,17.029388,14.383942,14.813571,14.43068,14.610886,14.550858,15.639357,14.07363,12.159176,15.280703,16.542013,16.125103,16.613506,18.49192,13.84722,14.540972,14.140109,14.480819,16.790287,13.801029,12.4575405,15.22789,15.51956,14.433495
17.813068,14.028669,15.434905,21.738562,15.678223,15.1212435,26.58572,14.929642,15.924412,15.188206,15.604261,15.296791,17.096268,14.443281,15.394012,16.767708,15.8881235,44.613144,15.581054,14.7270355,14.996918,11.664157,16.873392,13.75186,15.561251,15.879015,14.569155,18.086018,14.537889,17.047272,14.382683,14.814934,14.437242,14.613508,14.555255,15.6431675,14.075776,12.159597,15.282982,16.547737,16.129967,16.61384,18.499546,13.849306,14.541973,14.139107,14.482697,16.801207,13.801472,12.462607,15.233237,15.520415,14.436713
17.81567,14.03394,15.438099,21.734558,15.678099,15.121019,26.593882,14.939827,15.923735,15.19474,15.6133995,15.306527,17.091171,14.446913,15.395096,16.77774,15.898597,44.6309,15.586727,14.732354,15.001419,11.664126,16.879673,13.756394,15.561853,15.890232,14.577505,18.098473,14.540165,17.052887,14.382422,14.817638,14.440262,14.618237,14.557376,15.645041,14.074694,12.162689,15.291422,16.556013,16.136517,16.612682,18.502285,13.847732,14.544076,14.136467,14.48477,16.807432,13.806031,12.466731,15.232119,15.536459,14.443989
17.824596,14.041253,15.442317,21.751059,15.677668,15.119682,26.595694,14.945504,15.9289665,15.198995,15.624277,15.308575,17.097858,14.45163,15.397249,16.780663,15.900394,44.640884,15.590205,14.7346,14.997263,11.667952,16.878036,13.756626,15.569504,15.894775,14.57612,18.107077,14.541355,17.066038,14.384304,14.81686,14.43709,14.622165,14.562912,15.645346,14.076115,12.161358,15.29328,16.554232,16.143425,16.620962,18.50724,13.857506,14.549053,14.140921,14.496059,16.818441,13.809402,12.464461,15.241592,15.543397,14.447512
17.830503,14.04697,15.446679,21.751347,15.674728,15.125477,26.600334,14.95141,15.933908,15.199478,15.625102,15.314302,17.102562,14.460625,15.405377,16.782188,15.906071,44.637123,15.593216,14.737457,15.006154,11.66905,16.881783,13.762476,15.575829,15.896624,14.573456,18.111738,14.551573,17.06662,14.386314,14.825954,14.441698,14.621899,14.569757,15.651677,14.0808115,12.168917,15.294779,16.559479,16.146921,16.624432,18.516705,13.863798,14.550938,14.138336,14.502237,16.806267,13.817009,12.465373,15.237924,15.547977,14.452335
17.833887,14.052634,15.449385,21.761477,15.676584,15.126217,26.6176,14.954201,15.938585,15.204531,15.62985,15.320444,17.108067,14.464382,15.411055,16.784681,15.916463,44.63641,15.595634,14.739162,15.01079,11.668568,16.886457,13.767412,15.580549,15.903046,14.567059,18.120884,14.551014,17.065443,14.385037,14.8332615,14.441889,14.62426,14.573254,15.662753,14.088472,12.167106,15.300148,16.55478,16.150602,16.63941,18.519127,13.865139,14.564373,14.141294,14.509823,16.815853,13.829466,12.471493,15.246634,15.550441,14.460955
17.843018,14.053001,15.456112,21.769001,15.686176,15.128073,26.632366,14.959274,15.932749,15.213778,15.622858,15.319887,17.115107,14.469353,15.41124,16.788261,15.92337,44.641846,15.596761,14.740156,15.023964,11.670774,16.880646,13.772196,15.574353,15.916287,14.558448,18.127724,14.5593405,17.059612,14.392635,14.829513,14.452183,14.62476,14.575905,15.6675205,14.099424,12.171019,15.300102,16.569975,16.153505,16.634535,18.520603,13.863392,14.572645,14.143694,14.513962,16.824888,13.837348,12.469231,15.25006,15.551104,14.464787
17.848896,14.0484085,15.456936,21.78207,15.688139,15.131832,26.64114,14.964119,15.930904,15.216036,15.61307,15.319893,17.116379,14.473773,15.407373,16.78865,15.925519,44.62178,15.591181,14.744442,15.037222,11.667978,16.883112,13.776733,15.576249,15.91066,14.561722,18.119026,14.567829,17.055916,14.393104,14.844005,14.455366,14.626993,14.567812,15.679473,14.099262,12.171419,15.310114,16.57222,16.150751,16.642775,18.521572,13.870277,14.579258,14.1449375,14.521075,16.835247,13.838294,12.466497,15.25868,15.549376,14.461596
17.843653,14.045564,15.462337,21.782978,15.686672,15.134565,26.645866,14.967546,15.927112,15.222139,15.605238,15.320042,17.115677,14.482117,15.40464,16.780186,15.932275,44.62762,15.597541,14.747513,15.04846,11.668966,16.883394,13.775877,15.575869,15.9122715,14.554758,18.12857,14.575348,17.045418,14.392601,14.852896,14.460942,14.62678,14.570473,15.680939,14.105145,12.175018,15.318811,16.579842,16.153538,16.641659,18.536192,13.871349,14.586846,14.14691,14.525213,16.841043,13.83961,12.464365,15.258866,15.542299,14.455526
17.833542,14.044939,15.466293,21.792057,15.690449,15.138885,26.65218,14.968114,15.931488,15.222035,15.605178,15.31847,17.12078,14.484192,15.404707,16.779356,15.935308,44.62953,15.588858,14.743772,15.055902,11.670633,16.888828,13.77648,15.583681,15.915503,14.553986,18.137266,14.580406,17.039154,14.394609,14.85962,14.462856,14.624892,14.569617,15.687486,14.11554,12.177008,15.321588,16.58187,16.154488,16.639805,18.533516,13.869826,14.590969,14.150848,14.527042,16.84835,13.839836,12.466738,15.254005,15.5373535,14.447405
17.82946,14.04767,15.47146,21.794384,15.694857,15.133275,26.66027,14.969433,15.937874,15.220774,15.595184,15.319967,17.123676,14.490584,15.40244,16.774284,15.932188,44.636364,15.588101,14.740547,15.069778,11.67349,16.887842,13.77726,15.5771,15.914242,14.560457,18.14312,14.5856285,17.031872,14.392879,14.859268,14.460301,14.627442,14.571014,15.684397,14.120274,12.177891,15.321955,16.579319,16.15869,16.641003,18.532055,13.87019,14.594269,14.154652,14.537302,16.846157,13.842045,12.461319,15.253407,15.538805,14.445683
17.83518,14.054737,15.480904,21.789387,15.698925,15.128096,26.65246,14.96929,15.945578,15.228504,15.601622,15.324625,17.120533,14.495596,15.404994,16.769005,15.929018,44.648064,15.593384,14.742117,15.08306,11.685514,16.90123,13.783167,15.583565,15.914248,14.57225,18.151934,14.587185,17.035326,14.39016,14.863483,14.463947,14.633463,14.580553,15.694129,14.130857,12.185316,15.326727,16.58329,16.16296,16.641838,18.536652,13.877592,14.600623,14.173035,14.543188,16.85408,13.84619,12.452238,15.258434,15.544868,14.436844
17.841518,14.06132,15.506957,21.778389,15.709879,15.131963,26.66999,14.978796,15.952179,15.22903,15.611429,15.324686,17.128431,14.502312,15.408348,16.775635,15.938103,44.63745,15.604682,14.744293,15.093693,11.7027645,16.912403,13.788795,15.58526,15.917288,14.585403,18.154354,14.594423,17.04849,14.389782,14.86262,14.471037,14.639883,14.594948,15.713128,14.147594,12.191125,15.333912,16.588934,16.17409,16.644218,18.542105,13.881087,14.605421,14.18132,14.551031,16.863377,13.848398,12.450554,15.264324,15.553444,14.450151
17.859673,14.069426,15.528727,21.774292,15.71661,15.130148,26.683964,14.986242,15.948737,15.234302,15.642701,15.332581,17.143147,14.5173,15.415261,16.772873,15.948807,44.65221,15.612246,14.74645,15.104391,11.712381,16.926384,13.800732,15.595214,15.921091,14.60643,18.166504,14.598318,17.068317,14.398367,14.866133,14.479422,14.649101,14.607826,15.721628,14.154525,12.200449,15.347191,16.59702,16.190504,16.65607,18.562107,13.886277,14.611933,14.201218,14.562056,16.8775,13.850306,12.448339,15.274143,15.564125,14.455519
17.881588,14.0797,15.547901,21.776474,15.728795,15.130581,26.695744,14.996666,15.954802,15.239962,15.670176,15.3368225,17.155905,14.529814,15.424384,16.783184,15.957499,44.64235,15.615369,14.747351,15.113857,11.727673,16.935234,13.813862,15.604891,15.927856,14.635727,18.17752,14.609512,17.090794,14.402615,14.873474,14.492252,14.65601,14.630466,15.732906,14.165695,12.205193,15.361886,16.596405,16.197805,16.657547,18.57494,13.902415,14.62354,14.211905,14.578901,16.898323,13.854646,12.4501915,15.28903,15.574659,14.469056
17.902899,14.095139,15.565304,21.800327,15.745609,15.144459,26.724777,15.008849,15.958121,15.261743,15.687174,15.349158,17.168919,14.551508,15.432997,16.803284,15.965712,44.667458,15.628371,14.755507,15.129988,11.75156,16.956041,13.835482,15.620125,15.933499,14.680495,18.193474,14.629536,17.120909,14.416359,14.889262,14.508514,14.677038,14.6563635,15.758039,14.189108,12.21722,15.377222,16.623241,16.218262,16.67445,18.596165,13.914449,14.635134,14.235035,14.60135,16.895626,13.871698,12.451269,15.295802,15.588896,14.4817295
17.936798,14.116169,15.585373,21.83395,15.763514,15.164471,26.765944,15.030705,15.97628,15.288993,15.717118,15.369223,17.191994,14.58836,15.4524,16.824446,15.9884815,44.697124,15.65514,14.771111,15.14962,11.777704,16.991673,13.862669,15.650091,15.9398575,14.730613,18.22594,14.655182,17.160587,14.438368,14.91268,14.530066,14.704445,14.690453,15.77891,14.210943,12.235007,15.40223,16.648338,16.24726,16.706352,18.63832,13.9276905,14.660706,14.252921,14.632659,16.923151,13.896884,12.472482,15.316447,15.615395,14.5017605
17.971792,14.142673,15.6060295,21.87426,15.79755,15.1887245,26.8168,15.06268,16.011444,15.318621,15.745888,15.392302,17.21047,14.628191,15.475893,16.85902,16.014341,44.73439,15.692686,14.788189,15.170138,11.812043,17.021324,13.893057,15.686583,15.969108,14.788196,18.261908,14.689794,17.213556,14.464462,14.948301,14.565743,14.744397,14.734329,15.811632,14.245935,12.2534275,15.430189,16.67578,16.28064,16.739164,18.67744,13.944847,14.690793,14.288551,14.664093,16.957851,13.940649,12.494321,15.340355,15.637284,14.532406
18.01488,14.176572,15.635165,21.943756,15.840126,15.212279,26.88272,15.0949135,16.054432,15.359259,15.783182,15.421799,17.246223,14.672501,15.505988,16.894093,16.043907,44.789845,15.75199,14.8090725,15.203474,11.844369,17.056772,13.931587,15.719353,15.992602,14.835388,18.305092,14.721928,17.270885,14.501105,14.981901,14.601242,14.790279,14.775799,15.85349,14.292541,12.2849045,15.479806,16.712536,16.325768,16.77515,18.723394,13.969792,14.729467,14.330832,14.701683,16.996487,13.99046,12.530946,15.372587,15.656664,14.558063
18.067501,14.220302,15.680948,22.002203,15.894045,15.246012,26.922396,15.135983,16.106731,15.401525,15.817875,15.46088,17.28455,14.72435,15.5440035,16.932072,16.075592,44.851116,15.820114,14.843383,15.243343,11.888319,17.101974,13.977701,15.758983,16.041336,14.854614,18.346516,14.755711,17.33059,14.542931,15.031454,14.647839,14.850941,14.824965,15.90946,14.351103,12.322655,15.531416,16.753021,16.372112,16.808464,18.77777,14.003162,14.775378,14.384346,14.753258,17.074402,14.039764,12.568886,15.42068,15.694246,14.589156
18.10279,14.259652,15.72933,22.047161,15.936225,15.269951,26.955606,15.178276,16.152493,15.459767,15.845046,15.505072,17.324738,14.762001,15.584511,16.966228,16.107292,44.893448,15.873483,14.874325,15.277066,11.927358,17.137444,14.027239,15.78212,16.081331,14.84682,18.39666,14.786451,17.384645,14.577236,15.0783,14.691732,14.903908,14.854366,15.958868,14.393799,12.357567,15.566254,16.792103,16.41565,16.852734,18.832355,14.038744,14.817442,14.433746,14.794573,17.11919,14.072842,12.607964,15.463213,15.735996,14.611751
18.11622,14.271207,15.75356,22.070894,15.953073,15.272755,26.965847,15.19792,16.167835,15.482176,15.84635,15.516912,17.339748,14.764863,15.593727,16.981277,16.127228,44.91928,15.8958845,14.891773,15.303726,11.946633,17.142202,14.045286,15.789462,16.097929,14.814168,18.413374,14.809606,17.409098,14.593462,15.107946,14.7169695,14.925682,14.861383,15.983443,14.410896,12.373995,15.580525,16.80373,16.431107,16.86318,18.85805,14.054895,14.837098,14.471442,14.821355,17.168495,14.078604,12.640223,15.495165,15.754971,14.626219
18.095858,14.261877,15.748386,22.051481,15.93523,15.266906,26.96119,15.200405,16.162266,15.489298,15.819874,15.50882,17.33075,14.746629,15.589323,16.97321,16.151413,44.90715,15.882081,14.894954,15.308769,11.945142,17.13025,14.0349455,15.774946,16.094013,14.771982,18.41372,14.824547,17.396885,14.5913105,15.119617,14.715661,14.917776,14.843971,15.988534,14.400919,12.36237,15.5739355,16.79649,16.416868,16.854359,18.850796,14.052559,14.836333,14.4772835,14.820372,17.173283,14.053326,12.646912,15.495363,15.752452,14.624277
18.07083,14.243546,15.722391,22.036041,15.918451,15.257005,26.950172,15.185259,16.147995,15.4859,15.788391,15.490978,17.307697,14.719002,15.575928,16.963083,16.176008,44.901947,15.852554,14.889432,15.30813,11.921431,17.113003,14.017401,15.7553005,16.078003,14.747814,18.410923,14.825464,17.363623,14.58392,15.114411,14.697681,14.88408,14.823332,15.972356,14.377359,12.337557,15.555294,16.779125,16.395855,16.849958,18.8319,14.043121,14.821644,14.463295,14.81018,17.168856,14.020773,12.631045,15.486029,15.733626,14.616477
18.055262,14.220952,15.692494,22.032475,15.912281,15.259285,26.946463,15.169637,16.127308,15.48193,15.760218,15.487383,17.296085,14.689105,15.565697,16.95387,16.187403,44.8844,15.813171,14.881636,15.307167,11.897179,17.088337,13.996109,15.734306,16.063923,14.740709,18.402668,14.831847,17.32275,14.57016,15.104961,14.688411,14.853117,14.806229,15.959799,14.371948,12.329765,15.552963,16.76186,16.386045,16.847244,18.824696,14.038657,14.808122,14.455934,14.796719,17.169565,13.99877,12.608761,15.484156,15.723818,14.607172
18.060396,14.214827,15.6862335,22.050797,15.921902,15.271112,26.94445,15.172346,16.11109,15.493275,15.749794,15.495144,17.282127,14.688251,15.561888,16.962784,16.204975,44.919563,15.793409,14.880528,15.307226,11.876695,17.08306,14.001942,15.734133,16.060074,14.731454,18.385988,14.840385,17.292118,14.571957,15.115468,14.695134,14.839331,14.814699,15.961189,14.378384,12.337696,15.574691,16.760487,16.400616,16.867592,18.849762,14.049616,14.815924,14.471256,14.8014,17.19793,13.995438,12.603637,15.481435,15.727298,14.607025
18.069794,14.220442,15.695612,22.06799,15.932516,15.294191,26.952118,15.192001,16.10304,15.509732,15.749084,15.504937,17.276247,14.7161255,15.571477,16.976116,16.214375,44.946724,15.789085,14.901427,15.312648,11.868637,17.085503,14.018864,15.748954,16.065088,14.73142,18.390896,14.851812,17.265053,14.578201,15.143903,14.709633,14.841043,14.830965,15.963015,14.393473,12.359724,15.61009,16.767979,16.428734,16.881784,18.890493,14.069156,14.832767,14.496951,14.805693,17.234768,14.009928,12.607087,15.491848,15.736441,14.611304
18.075695,14.230864,15.709279,22.0891,15.925943,15.308149,26.963099,15.203341,16.092258,15.51745,15.756562,15.511478,17.26486,14.742712,15.572081,16.977375,16.21861,44.955,15.782377,14.917912,15.317572,11.851464,17.08653,14.029426,15.7606,16.058863,14.747077,18.374908,14.851488,17.231491,14.586062,15.164785,14.718313,14.841627,14.843365,15.969124,14.407029,12.368586,15.615765,16.769943,16.450197,16.901602,18.911936,14.070998,14.838838,14.499922,14.808719,17.247736,14.025539,12.60979,15.495197,15.7371025,14.612724
18.07525,14.241884,15.712355,22.107208,15.910242,15.325858,26.951647,15.216143,16.086102,15.507615,15.781991,15.508881,17.252842,14.77433,15.577419,16.977413,16.214294,44.95086,15.772488,14.922475,15.307545,11.846184,17.102036,14.029412,15.771215,16.060373,14.784839,18.373926,14.847311,17.200764,14.582755,15.161913,14.721518,14.845278,14.854398,15.974856,14.401837,12.376865,15.616547,16.776903,16.478588,16.904552,18.920734,14.071844,14.8419485,14.50153,14.809318,17.24316,14.031028,12.614996,15.492705,15.744571,14.617823
18.093378,14.26269,15.718469,22.12585,15.895443,15.347853,26.928493,15.226543,16.10273,15.495122,15.821117,15.501411,17.262463,14.80547,15.575491,16.987125,16.225452,44.97168,15.778587,14.929659,15.291544,11.851828,17.119595,14.019947,15.792051,16.073223,14.819867,18.380123,14.83491,17.20776,14.5914,15.151015,14.72032,14.862608,14.872551,15.98881,14.390629,12.39502,15.611694,16.775942,16.498257,16.904287,18.934616,14.066497,14.844229,14.498587,14.802138,17.231838,14.04207,12.628815,15.490032,15.767169,14.637703
18.098248,14.276073,15.720207,22.127087,15.879912,15.357611,26.910568,15.217398,16.12776,15.468235,15.870354,15.487898,17.281927,14.81938,15.569023,16.97247,16.26462,44.94182,15.791763,14.92911,15.268641,11.859676,17.116146,14.009211,15.8088,16.088413,14.876246,18.378296,14.814365,17.24644,14.596956,15.138592,14.713066,14.876492,14.886998,15.98644,14.364178,12.409037,15.593179,16.749233,16.512678,16.890247,18.920883,14.060541,14.823618,14.477412,14.779657,17.205862,14.043367,12.647065,15.473297,15.780848,14.652384
18.119068,14.292202,15.733072,22.092155,15.884985,15.372353,26.94804,15.199978,16.160748,15.447229,15.909324,15.488546,17.312521,14.80813,15.573301,16.9659,16.371313,44.977257,15.807613,14.926202,15.272232,11.872381,17.136332,13.99717,15.80803,16.120739,14.986879,18.394466,14.801337,17.305397,14.601945,15.129974,14.700968,14.88423,14.89033,15.979904,14.353938,12.432606,15.600853,16.75069,16.51764,16.884003,18.906982,14.073083,14.828783,14.483654,14.78139,17.182846,14.05007,12.6638365,15.47786,15.807225,14.70208
18.208477,14.3544035,15.794223,22.084246,15.95101,15.432585,27.081184,15.225829,16.249393,15.499013,15.977783,15.54481,17.372478,14.838945,15.617893,17.014645,16.573803,45.077465,15.8542185,14.968227,15.335706,11.919063,17.19586,14.042725,15.832852,16.20335,15.091709,18.497715,14.852257,17.370796,14.642807,15.187279,14.738768,14.918343,14.930694,16.022394,14.410832,12.503034,15.659088,16.794035,16.577219,16.919949,18.962154,14.153231,14.895439,14.595801,14.831003,17.239428,14.117269,12.6910095,15.546335,15.90059,14.844919
18.34573,14.455238,15.886938,22.085508,16.062197,15.5337,27.303955,15.296219,16.379612,15.603008,16.090466,15.640408,17.465536,14.92564,15.682615,17.10561,16.826471,45.25069,15.938299,15.042412,15.442474,11.978731,17.27471,14.137863,15.879787,16.31263,15.151327,18.626457,14.934803,17.444473,14.722704,15.303675,14.824165,14.992588,15.007068,16.099783,14.514784,12.590491,15.777707,16.875343,16.681038,16.98907,19.077682,14.290864,15.019705,14.793097,14.918756,17.36645,14.253365,12.775382,15.660429,16.020905,15.028828
18.490467,14.53684,15.991573,22.101234,16.174473,15.633186,27.586115,15.369945,16.4907,15.736304,16.173052,15.73327,17.517204,15.014971,15.746991,17.192822,17.035635,45.477108,16.023708,15.113857,15.549025,12.017778,17.333792,14.227501,15.92713,16.399488,15.287176,18.770256,15.040752,17.46938,14.789607,15.411801,14.901354,15.052884,15.078856,16.181124,14.632036,12.661705,15.910327,16.961874,16.79237,17.070812,19.206522,14.452967,15.161367,15.001448,15.001021,17.511599,14.432923,12.887746,15.753128,16.123829,15.2057085
18.78396,14.6952095,16.126608,22.243118,16.364069,15.813251,27.985455,15.529188,16.644205,15.979046,16.290491,15.872993,17.578285,15.170565,15.860729,17.344074,17.213825,45.820885,16.198622,15.248625,15.703499,12.109886,17.500263,14.349568,16.009315,16.512598,15.507244,19.01854,15.238553,17.49455,14.927757,15.596656,15.062849,15.179718,15.224686,16.370548,14.839148,12.8186,16.133274,17.129688,17.018784,17.280897,19.47388,14.726242,15.371946,15.365429,15.164804,17.750154,14.691005,12.989346,15.885322,16.314716,15.445068
19.319824,14.9998255,16.346468,22.598576,16.668137,16.11405,28.451447,15.812603,16.90761,16.360909,16.553936,16.080542,17.74004,15.445871,16.073906,17.600128,17.382156,46.408066,16.524855,15.481116,15.924629,12.286701,17.818653,14.544285,16.189066,16.740461,15.720882,19.393375,15.5549555,17.599207,15.207251,15.8696575,15.368634,15.425432,15.5208645,16.768171,15.141771,13.108154,16.43036,17.366438,17.425043,17.607143,19.950413,15.0972595,15.667494,15.903746,15.457251,18.144459,15.062513,13.17985,16.057915,16.610167,15.7474985
19.9511,15.309249,16.578491,23.06447,17.005215,16.438763,28.812735,16.133368,17.164719,16.763796,16.836819,16.280651,17.930004,15.70147,16.331593,17.850422,17.398577,47.060722,16.916735,15.754833,16.143997,12.48827,18.17281,14.724859,16.380436,16.985714,16.095015,19.726814,15.913286,17.75372,15.567579,16.139141,15.725729,15.6970215,15.861738,17.274652,15.447844,13.468008,16.727741,17.60553,17.919773,17.99405,20.491692,15.449488,15.916514,16.391762,15.774111,18.55364,15.407028,13.4885845,16.164959,16.860397,15.948447
20.663305,15.670788,16.888641,23.648506,17.413792,16.870007,29.241251,16.52428,17.4805,17.251867,17.148376,16.57817,18.196348,16.000584,16.646442,18.198051,17.325987,47.838657,17.429234,16.141035,16.479477,12.779833,18.657852,14.959429,16.649149,17.353832,16.610928,20.167446,16.337303,18.00634,16.036072,16.46908,16.179071,16.068615,16.263384,17.886827,15.840368,13.916157,17.116732,17.963066,18.510857,18.57233,21.096699,15.879371,16.227793,16.835087,16.216469,18.999817,15.78407,13.796799,16.343592,17.173622,16.20283
21.403393,16.098595,17.330956,24.285027,17.87011,17.419796,29.962376,16.97642,17.930357,17.81522,17.600246,17.053167,18.648865,16.381603,17.059433,18.729567,17.392342,48.62521,17.969868,16.669397,17.00719,13.22443,19.308746,15.365913,17.119808,17.8769,16.990547,20.793535,16.826538,18.542925,16.590317,16.899235,16.729702,16.542992,16.739561,18.529716,16.343874,14.330124,17.623198,18.434677,19.13402,19.214947,21.634842,16.343758,16.65913,17.339878,16.803738,19.506067,16.168198,14.150837,16.823656,17.591413,16.610731
21.689978,16.310888,17.575968,24.497465,18.068142,17.727348,30.771875,17.170784,18.208134,18.08136,17.994463,17.45285,19.002972,16.601612,17.283665,19.084808,17.37833,48.999023,18.140408,16.974874,17.430145,13.542431,19.698719,15.662742,17.531872,18.218006,17.241772,21.154736,17.070667,19.104612,16.847656,17.148174,17.026203,16.79403,17.001694,18.77208,16.60621,14.442552,17.95326,18.6884,19.349922,19.544092,21.756601,16.579628,16.976582,17.594471,17.10911,19.679655,16.266502,14.563059,17.35151,17.863174,16.930656
21.47057,16.276157,17.548773,24.344189,17.999493,17.75263,31.578798,17.147503,18.27771,18.019224,18.317877,17.681429,19.118118,16.710464,17.28049,19.255112,17.305462,48.98201,17.988132,17.002,17.661125,13.663966,19.78926,15.760607,17.811302,18.22321,17.576788,21.289173,17.031925,19.471548,16.831757,17.291252,17.054213,16.840185,16.959469,18.649874,16.612606,14.349806,18.126507,18.81493,19.176327,19.59311,21.578047,16.654373,17.119976,17.61578,17.102806,19.574856,16.094666,14.702822,17.782845,17.954227,17.116762
21.342087,16.505886,17.618843,24.767586,18.105392,17.89974,32.83201,17.284348,18.442924,18.097834,18.878956,18.01844,19.23065,16.99076,17.385834,19.539257,17.964817,48.947754,17.990906,17.060703,17.818005,13.760553,19.987583,15.977033,18.202377,18.21245,18.1707,21.641533,17.13565,19.905338,16.88441,17.72733,17.116005,17.105965,17.02189,18.585835,16.7185,14.345499,18.3899,19.117313,19.100563,19.697756,21.508976,16.870613,17.327545,17.745228,17.198984,19.835922,16.1675,14.617674,18.489937,18.17212,17.39606
21.824284,17.375603,18.057827,26.512602,18.808857,18.38754,35.3658,17.83165,19.034191,18.5441,19.883457,18.698154,19.581087,17.660412,17.939114,20.154097,19.833086,49.12118,18.4651,17.4337,18.011585,13.976086,20.597256,16.565533,18.796206,18.470375,20.086237,22.42781,17.824635,20.696241,17.190716,18.649004,17.540445,17.813213,17.595041,18.941772,17.107292,14.660629,18.99464,19.803484,19.599083,20.222023,21.842735,17.595066,17.96671,18.118866,17.538063,20.685455,16.87402,14.753035,19.607203,18.750502,18.059929
24.13441,19.364197,19.697803,30.60122,20.813446,20.227428,40.17561,19.750248,20.975037,20.152172,22.138666,20.382927,21.07066,19.442715,19.744186,22.110992,22.336586,51.04843,20.430866,19.38108,19.666615,15.109535,23.117584,18.076878,20.376585,20.301815,29.891254,24.688513,20.350111,22.19976,18.465473,20.451902,19.269558,19.945385,19.440681,20.873207,18.751923,16.327736,21.7255,22.080498,22.367956,23.277683,24.247137,19.832893,20.061628,19.693222,18.995766,22.5497,18.816895,15.426535,21.129032,20.814526,20.700373
34.275948,26.982788,27.49243,43.411903,28.924706,29.545729,49.724506,28.045334,29.516323,27.43429,29.582476,27.955788,28.497288,26.554237,27.54818,30.447153,28.1403,62.652866,28.615032,29.188217,28.68665,21.877836,34.65431,24.047058,27.386639,30.153076,58.45005,35.35518,30.537376,27.79369,24.723381,26.677807,26.66578,28.965054,26.791517,31.09283,26.823088,23.516163,33.389465,32.467663,33.761875,36.4999,35.907524,28.325512,28.387634,26.210957,26.504892,30.089613,25.47406,17.42078,25.571379,30.159035,32.521034
63.292202,48.82904,54.307762,84.96652,54.373318,60.227333,73.3754,53.135746,56.832264,51.85809,57.10726,54.456253,53.372925,48.020393,53.38786,56.053993,51.019478,104.61975,51.923874,59.159264,57.325417,46.985737,68.00717,42.469673,50.980057,61.67157,92.79178,71.087135,58.728287,50.237385,45.749386,48.562565,51.384483,55.94832,50.033077,69.6046,51.329914,45.362503,65.6102,64.07979,60.651962,70.47648,67.41409,54.231243,52.101925,46.707962,52.84678,62.19706,45.821926,25.272915,41.117657,56.74951,64.32898
103.43616,76.516235,100.08017,172.89845,93.02329,102.73492,133.26285,87.79636,102.01709,96.17376,117.68674,96.923615,98.17225,70.675606,100.30419,86.511635,93.21915,189.39948,81.575714,101.63019,98.49265,92.76796,118.21022,69.81215,86.27011,113.43888,112.95973,129.32523,95.10516,100.486244,74.583664,87.01526,90.86398,90.938644,81.15451,151.9864,81.06955,72.65831,116.53064,109.14616,83.87964,113.362564,104.16359,96.361496,89.394806,88.38376,85.1531,146.91464,74.04026,47.38689,68.58848,98.75424,104.43096
127.40541,90.32408,133.48672,271.65295,118.27202,126.53855,244.44772,110.84298,138.58702,143.4383,211.3707,129.0829,137.59007,81.689285,143.9715,103.30306,129.01257,300.8997,94.62207,128.87772,123.03911,129.97597,156.55954,89.56674,111.90633,152.68448,116.12381,173.2197,115.62281,161.03708,89.80663,121.63995,117.919754,111.33948,99.5479,253.8574,96.51662,89.762085,161.07843,143.83206,93.21006,137.00189,123.79745,135.3598,121.86707,136.26807,103.92357,306.3429,87.447945,79.27523,84.529755,132.89098,127.051895
131.0986,92.38739,139.5568,304.9702,122.60485,130.63339,299.60345,114.49649,147.76956,157.72232,319.91336,135.78667,147.30634,83.53075,154.45087,106.17561,137.8835,363.71442,96.38211,132.85788,126.71705,138.84216,164.29941,92.817856,117.36159,160.79672,116.70781,183.69522,119.05109,184.35823,92.28587,130.10703,122.868164,114.80413,102.48229,307.39618,99.0718,92.58875,170.47205,150.2327,94.653564,139.99942,126.8414,143.79526,128.72182,152.49994,107.7014,498.9894,89.32124,104.45653,86.69513,140.1832,130.2229
131.85469,92.716324,140.3273,307.29285,123.329506,131.34695,302.63672,115.12543,148.70868,158.8829,339.907,136.58292,148.38437,83.971695,155.4401,106.77457,138.80698,368.49664,96.89807,133.61586,127.45054,139.77751,165.35654,93.43503,118.10333,161.74266,116.915085,184.94275,119.70546,186.13379,92.77765,131.06,123.67499,115.42168,103.087166,311.70178,99.63855,93.10841,171.54332,151.07184,95.14418,140.71599,127.638725,144.82135,129.39536,153.89069,108.42432,548.17676,89.75402,110.019226,87.22513,141.08994,130.96378
132.16101,92.8652,140.6329,308.1031,123.637024,131.6176,303.8228,115.354706,149.07048,159.32523,341.75845,136.89203,148.86038,84.12877,155.83826,106.991776,139.16629,369.66522,97.07822,133.87122,127.76438,140.19608,165.77866,93.6765,118.381226,161.91101,116.95561,185.46606,119.96791,186.7182,92.954865,131.4142,124.013626,115.65648,103.303276,312.77036,99.851395,93.3042,171.98369,151.36693,95.30211,140.99254,127.96133,145.24574,129.62042,154.39592,108.69835,551.2744,89.91206,110.742325,87.42438,141.46765,131.26328
132.24063,92.934814,140.56973,308.3353,123.72504,131.67847,304.33627,115.41008,149.16675,159.4524,342.45935,136.97336,149.02414,84.15822,155.90703,107.02832,139.27246,370.0558,97.09459,133.85596,127.859344,140.34348,165.77277,93.74429,118.43884,162.12286,116.946884,185.61893,120.032104,186.89603,92.991104,131.50034,124.11423,115.71092,103.26702,313.16742,99.90004,93.35742,172.11862,151.42032,95.321884,141.03574,128.06519,145.38951,129.77834,154.55559,108.77045,552.5548,89.93645,111.02962,87.47783,141.57588,131.33746
132.24782,92.952774,140.5719,308.35785,123.73534,131.67189,304.50348,115.40854,149.16565,159.46918,342.71567,136.98096,149.07016,84.15193,155.82275,107.00212,139.29141,370.14606,97.0706,133.89725,127.87729,140.38158,165.78746,93.762344,118.428955,162.1997,116.92533,185.63684,119.99812,186.9267,92.986374,131.50546,124.131805,115.7011,103.28891,313.28943,99.8975,93.36722,172.14084,151.40306,95.314606,140.99562,128.0957,145.4321,129.83188,154.58968,108.78022,553.02454,89.92386,111.10722,87.49315,141.56827,131.32492
132.23567,92.948654,140.56615,308.3235,123.72194,131.6482,304.516,115.39439,149.14035,159.45557,342.79065,136.96977,149.07681,84.14096,155.79239,106.9717,139.29037,370.13562,97.03993,133.90268,127.87487,140.38474,165.78912,93.76805,118.40665,162.21176,116.89003,185.61627,119.95448,186.91397,92.973434,131.49637,124.12804,115.67233,103.29694,313.3007,99.884796,93.366745,172.12427,151.37164,95.30189,140.94388,128.10544,145.44104,129.83864,154.58455,108.78035,553.13477,89.90585,111.10464,87.49121,141.5373,131.29227
132.2085,92.927376,140.53128,308.25626,123.69626,131.61356,304.41483,115.37009,149.0995,159.4206,342.76978,136.94397,149.05843,84.1223,155.75821,106.95828,139.27702,370.06808,97.007645,133.87805,127.85843,140.36526,165.74771,93.76228,118.3736,162.17378,116.83354,185.57516,119.93628,186.87497,92.95404,131.47697,124.11315,115.63519,103.28538,313.2423,99.8656,93.35958,172.0755,151.32892,95.28273,140.91309,128.09727,145.42773,129.81226,154.5575,108.77219,553.0297,89.88408,111.08567,87.474014,141.50517,131.27069
132.16133,92.88473,140.4653,308.13733,123.64819,131.55748,304.18103,115.3277,149.03853,159.35632,342.65686,136.8999,149.00845,84.09473,155.73795,106.95066,139.24768,369.92325,96.972015,133.81723,127.81984,140.3198,165.66312,93.74126,118.32742,162.08127,116.74684,185.4993,119.94052,186.80139,92.92474,131.43979,124.078766,115.57941,103.249374,313.10443,99.83444,93.34027,171.98639,151.26187,95.2509,140.8932,128.06816,145.38312,129.7483,154.50595,108.75074,552.68933,89.852066,111.07089,87.43761,141.47711,131.247
132.0861,92.81766,140.43542,307.9294,123.569565,131.47375,303.78702,115.25988,148.94498,159.2512,342.40497,136.82639,148.91129,84.053665,155.75089,106.92241,139.19426,369.66028,96.92276,133.73688,127.75012,140.23528,165.607,93.70163,118.25626,161.9162,116.58447,185.37512,119.915596,186.67712,92.87846,131.37646,124.01905,115.49164,103.20828,312.83588,99.782974,93.30492,171.83032,151.16185,95.20744,140.80118,128.01248,145.2973,129.63396,154.4111,108.71266,552.0012,89.806305,111.06081,87.38109,141.38821,131.17545
131.95235,92.69968,140.38934,307.50934,123.42351,131.3206,303.08453,115.13187,148.77258,159.04666,341.87958,136.68228,148.71631,83.98102,155.58017,106.83956,139.07843,369.1191,96.81878,133.73001,127.60282,140.06445,165.51306,93.61951,118.13001,161.6723,116.22284,185.13602,119.79779,186.43343,92.79849,131.24347,123.89438,115.33891,103.232285,312.3122,99.68169,93.22276,171.52777,150.96887,95.13042,140.56876,127.88909,145.10846,129.43468,154.22646,108.63229,550.6478,89.72545,111.02452,87.28975,141.17596,130.98676
131.64165,92.57312,140.02014,306.54373,123.10055,130.97119,301.9159,114.830765,148.38403,158.57385,340.7367,136.34618,148.26051,83.80782,155.1358,106.61397,138.80096,367.90878,96.57346,133.38942,127.25439,139.68906,165.03165,93.404144,117.83255,161.4762,115.46445,184.57983,119.5056,185.89178,92.60493,130.87991,123.5925,115.01549,103.04173,311.18866,99.433716,93.0061,170.84958,150.514,94.92702,140.03088,127.57578,144.65054,129.2516,153.7944,108.41492,547.771,89.5298,110.91104,87.08798,140.69833,130.55379
130.93964,92.20454,139.1722,304.12665,122.36776,130.16072,300.10474,114.123505,147.5099,157.46594,338.31866,135.57764,147.21295,83.39769,154.12485,106.05844,138.1259,364.76135,95.97714,132.57481,126.38922,138.86505,163.98468,92.85358,117.116,160.44159,111.23184,183.34265,118.82186,184.64365,92.12715,129.97244,122.88208,114.30023,102.560745,307.9837,98.83319,92.49489,169.32126,149.41174,94.40794,138.84344,126.837036,143.62343,128.58379,152.78427,107.855774,529.1602,89.04251,110.63582,86.56717,139.65028,129.61066
128.6853,90.804436,133.08215,265.7,119.20564,125.416595,263.40256,110.01494,142.36157,146.27243,304.5976,130.62434,138.90962,82.38042,145.23877,104.10644,134.69785,313.93964,94.03299,128.1839,121.1906,133.61247,156.86777,90.442406,114.35682,153.23853,86.37177,176.03036,115.61158,173.17836,90.49136,123.52345,119.84515,111.33951,101.04755,258.96292,96.31076,89.51209,149.81796,139.95222,92.97714,127.35698,124.05153,132.42334,124.89531,146.09914,105.905,357.5442,87.401726,110.01137,84.22875,131.35114,123.88147
108.37326,78.199554,96.25313,161.47168,93.83559,96.60408,150.13248,83.39995,106.9899,98.53648,196.223,99.73909,98.83768,73.30032,100.896805,88.90662,107.61847,199.39432,77.37961,98.17943,92.03749,98.77988,116.654236,72.25284,91.61195,112.60353,50.4498,132.25745,93.11364,117.087006,77.04109,87.96269,94.52961,88.73069,85.9698,154.68997,78.26404,71.12546,98.090256,99.64703,82.203705,90.08169,104.020096,88.56627,96.060844,105.40691,90.39177,174.20395,73.22644,107.10561,67.01926,92.00526,93.98729
70.85855,50.534874,56.217022,83.569,57.719437,58.71878,79.72156,51.28904,63.44,57.355694,93.463715,59.99347,58.9184,51.444958,57.436226,61.746056,62.09787,114.29134,51.991405,61.19461,60.743835,56.644054,70.51289,47.310104,57.1614,65.77214,26.011911,77.322815,60.942883,61.982964,51.63894,53.152115,59.522163,56.31945,55.608566,74.96132,52.563454,44.66869,55.896744,58.819595,59.338932,53.789772,69.07741,50.506607,57.14953,63.66563,61.338844,76.70113,50.06894,84.883896,44.82441,53.109077,56.071556
39.32527,27.58892,30.834057,42.563866,32.272705,30.216784,50.482635,28.447205,32.89033,31.685213,39.19278,31.766945,32.528244,28.559944,30.3805,34.700844,33.653854,68.943405,30.341293,32.57465,33.70585,27.277237,37.531036,27.55659,30.510107,34.30222,18.297823,39.25846,32.310734,32.023083,29.09235,29.10054,31.1422,30.08313,29.75166,34.589058,29.257042,23.966904,29.887272,32.14899,33.74185,29.912994,38.969437,26.892588,30.385479,34.65458,33.194542,35.864643,27.537502,51.57843,29.331577,29.491203,28.978188
25.865784,18.835873,21.653872,30.505526,22.215372,20.61575,38.428963,20.298931,21.597416,22.011314,21.89708,21.250896,22.666798,19.395489,20.995285,23.427452,25.51802,53.46007,20.773092,21.32713,22.103456,16.294865,24.464727,19.77223,21.038216,22.156582,16.72319,25.41623,20.692223,22.25741,19.878,20.48829,19.752926,20.535086,19.743797,22.493378,20.246477,16.258379,20.809921,23.07811,22.403103,21.971397,26.600084,18.822325,19.967125,21.96735,20.92654,23.933346,18.661427,27.054821,22.63403,20.922493,19.567276
22.464966,16.929474,19.129272,28.324612,19.768288,18.598831,33.747456,18.34866,19.199554,19.31385,18.230844,18.723206,20.368052,17.35215,18.94009,20.67107,23.594658,49.28383,18.565378,18.681055,18.858437,13.886705,21.214405,17.50222,18.8671,19.411726,16.45733,22.312256,18.16409,19.978125,17.741682,18.436005,17.227917,18.41028,17.581291,19.871798,17.938053,14.532064,18.600769,20.543781,19.89165,20.063179,23.235435,16.86824,17.43142,19.115921,17.784054,21.235352,16.873592,17.811592,20.657858,18.807327,17.573761
21.483534,16.39756,18.12081,27.352785,18.981594,17.940334,31.586155,17.77208,18.751265,18.383831,17.621334,17.870789,19.62373,16.742142,18.249886,19.819838,22.093456,48.087452,18.027246,17.785885,17.865238,13.354137,20.273354,16.587101,18.169487,18.77765,16.429071,21.428215,17.596012,19.149406,16.960907,17.767548,16.65686,17.713806,17.103607,19.148539,17.148493,14.13274,18.077175,19.571037,19.417389,19.504074,22.166718,16.123848,16.872005,18.00389,16.886017,20.391176,16.460693,15.693043,19.383312,18.168575,16.948647
20.969097,16.135342,17.59988,26.335047,18.58256,17.747189,30.548046,17.558842,18.671173,18.03363,17.40135,17.40493,19.272938,16.494858,17.887962,19.433712,20.443615,47.825752,17.784115,17.209072,17.504286,13.137983,19.83353,16.134087,17.769386,18.504124,16.444023,20.921282,17.317036,18.780132,16.577742,17.418755,16.459276,17.338745,16.891953,18.806385,16.83884,13.956682,18.020294,19.100262,19.213228,19.324703,21.67758,15.769183,16.766212,16.975557,16.551613,19.952805,16.353603,15.224709,18.41452,17.841635,16.76471
20.66285,16.042416,17.39251,25.382822,18.327919,17.746975,30.135801,17.43187,18.634892,17.931261,17.326168,17.195034,19.193533,16.450981,17.673767,19.270594,18.893093,47.926235,17.614193,16.853554,17.511038,13.027388,19.612915,15.943268,17.534359,18.358917,16.268505,20.701561,17.138142,18.77312,16.406818,17.35664,16.433575,17.23145,16.76834,18.616829,16.780556,13.847448,18.12151,18.865133,19.02792,19.29282,21.33786,15.686581,16.832716,16.785633,16.423843,19.72511,16.401182,14.994746,18.001385,17.73032,16.81232
20.44199,15.855513,17.30194,24.64461,18.068308,17.697254,29.91325,17.293512,18.55732,17.8723,17.261066,17.01844,19.160534,16.423126,17.48198,19.110336,17.679361,48.034958,17.459354,16.634892,17.554142,12.898375,19.435064,15.822182,17.350615,18.18163,15.857622,20.543625,16.962337,18.755953,16.286488,17.358763,16.407167,17.18623,16.6597,18.437325,16.752394,13.728838,18.035439,18.697563,18.826313,19.14941,21.083244,15.654144,16.808004,17.069078,16.335154,19.56074,16.35258,14.840256,17.841885,17.604832,16.73203
20.081581,15.519298,17.11606,23.98142,17.667213,17.356133,29.561935,16.903019,18.262295,17.522238,16.96526,16.704863,18.900936,16.188309,17.161667,18.711933,16.841465,47.774094,17.151321,16.309223,17.313595,12.659828,19.086918,15.498988,17.012241,17.784683,15.450836,20.221722,16.61906,18.481167,15.995414,17.069504,16.15903,16.94196,16.379341,18.033237,16.47551,13.479063,17.580761,18.36838,18.39877,18.734058,20.790628,15.453987,16.50373,17.143967,16.036764,19.156967,16.053764,14.622762,17.459652,17.30423,16.405643
19.76585,15.207262,16.937536,23.550737,17.239449,16.897831,29.155495,16.43669,17.854307,17.064053,16.656782,16.426933,18.573975,15.877146,16.812225,18.25785,16.481398,47.329613,16.843472,16.007456,16.940577,12.439701,18.706656,15.161987,16.696526,17.341492,15.155666,19.919998,16.224754,18.201208,15.658826,16.668459,15.820617,16.64929,16.049376,17.584896,16.081678,13.211334,17.04134,18.030025,17.920948,18.351028,20.50163,15.242179,16.118666,17.293411,15.670293,18.720379,15.667221,14.258104,16.96192,17.000687,16.017698
19.505459,14.970294,16.776731,23.354897,16.878952,16.478615,28.729664,16.073967,17.47414,16.682156,16.511349,16.217457,18.306664,15.610386,16.547224,17.888594,16.442177,46.82005,16.568357,15.793589,16.575274,12.291082,18.43868,14.909982,16.484951,16.990105,14.925951,19.668995,15.898431,17.99956,15.418837,16.318214,15.531564,16.361118,15.779637,17.199354,15.6984,13.013784,16.586716,17.759554,17.534317,18.026943,20.211353,15.02511,15.785345,17.499985,15.388429,18.381847,15.287282,13.9158535,16.569271,16.719946,15.653568
19.143358,14.699038,16.492844,23.109274,16.51015,16.063595,28.20227,15.7289295,17.062637,16.274866,16.34066,15.978714,17.999027,15.319805,16.256329,17.535484,16.465752,46.243492,16.274736,15.524948,16.143772,12.1327095,18.074863,14.618753,16.253769,16.64997,14.781739,19.305843,15.544963,17.756538,15.155246,15.917875,15.223389,15.962125,15.473241,16.788067,15.27328,12.784483,16.170265,17.442991,17.153833,17.674545,19.803581,14.712673,15.451068,17.304226,15.123852,18.00268,14.904354,13.653969,16.18997,16.382336,15.253629
18.75132,14.463583,16.171314,22.826057,16.222988,15.707849,27.644714,15.456442,16.665781,15.924925,16.131554,15.747303,17.697939,15.02565,15.977489,17.265484,16.497723,45.67573,16.034115,15.241018,15.776651,11.988853,17.701767,14.342528,16.02894,16.369823,14.694293,18.93619,15.225956,17.53913,14.888795,15.5366,14.946998,15.55258,15.171694,16.426977,14.895409,12.5566845,15.885722,17.165089,16.831358,17.410572,19.409801,14.409515,15.182402,16.8905,14.907631,17.623817,14.601231,13.350564,15.859482,16.087368,14.938656
18.451174,14.309167,15.909786,22.642534,16.059364,15.483358,27.207794,15.286221,16.38797,15.702871,15.965239,15.598499,17.497303,14.829887,15.789744,17.10764,16.528044,45.267857,15.886026,15.049546,15.560043,11.898554,17.457855,14.14563,15.893444,16.197056,14.6349945,18.665539,15.015465,17.378029,14.715737,15.303175,14.76703,15.266018,14.951996,16.184174,14.64299,12.406285,15.749983,16.989113,16.622814,17.266273,19.117289,14.204269,15.035566,16.5534,14.78015,17.371666,14.421669,13.090334,15.67934,15.887783,14.760339
18.244408,14.196331,15.716531,22.471922,15.945835,15.343475,26.915802,15.169439,16.183208,15.552239,15.83499,15.474828,17.340351,14.6817,15.6546335,16.99471,16.495718,44.987503,15.769456,14.91069,15.3881645,11.820119,17.275093,14.006995,15.797423,16.091953,14.596392,18.461731,14.868116,17.252172,14.587118,15.139885,14.643673,15.066832,14.796066,16.01896,14.468795,12.300058,15.643921,16.869812,16.486515,17.126637,18.890741,14.057344,14.921136,16.215298,14.680808,17.188421,14.266217,12.926609,15.573944,15.739333,14.6348095
18.097507,14.120737,15.592302,22.308962,15.866079,15.272181,26.742844,15.088924,16.044037,15.443567,15.721092,15.383477,17.237654,14.585215,15.556633,16.922438,16.422855,44.81446,15.708832,14.808937,15.27599,11.756491,17.138077,13.918081,15.720903,16.009483,14.57695,18.318573,14.7548275,17.163443,14.490201,15.055082,14.551359,14.92504,14.688456,15.907639,14.354593,12.23448,15.564364,16.788979,16.399931,17.03329,18.742699,13.963871,14.822315,15.841436,14.613967,17.063297,14.128777,12.804323,15.482832,15.64639,14.561453
18.056675,14.094566,15.54076,22.194786,15.832462,15.2632885,26.671427,15.055386,15.986572,15.395548,15.657711,15.345101,17.189705,14.548405,15.516616,16.888163,16.355911,44.763092,15.674438,14.76797,15.222001,11.731461,17.077934,13.889348,15.699482,15.97578,14.564669,18.26315,14.71826,17.130005,14.453901,15.046842,14.504611,14.873667,14.646063,15.865246,14.316406,12.212174,15.52974,16.769375,16.376434,16.994839,18.696606,13.934335,14.762981,15.517986,14.589964,17.0207,14.030341,12.714758,15.440849,15.617399,14.531936
18.064663,14.086059,15.535683,22.122639,15.816227,15.278153,26.671883,15.047184,15.986989,15.385358,15.642476,15.325459,17.172667,14.543519,15.508256,16.872047,16.288155,44.761307,15.653287,14.762582,15.184372,11.722382,17.05556,13.8889265,15.691672,15.965127,14.566614,18.252829,14.710117,17.119621,14.44211,15.055786,14.490192,14.86891,14.634776,15.854594,14.307437,12.207808,15.500896,16.774181,16.387379,16.967424,18.696058,13.925002,14.727001,15.27509,14.575047,17.031351,13.9675,12.672108,15.422472,15.612152,14.513781
18.075546,14.090086,15.537107,22.05823,15.803193,15.28784,26.689293,15.042065,15.99379,15.388294,15.64353,15.316717,17.16262,14.5436945,15.501524,16.85914,16.213646,44.77268,15.643597,14.757164,15.153452,11.716829,17.04639,13.888956,15.6810665,15.952772,14.56207,18.236214,14.707781,17.124031,14.437613,15.0612335,14.484388,14.871061,14.636234,15.845816,14.297082,12.2105465,15.475859,16.784061,16.403297,16.946901,18.703457,13.91927,14.68741,15.069299,14.5611,17.031158,13.914316,12.655207,15.404183,15.614059,14.505076
18.07739,14.086583,15.533342,22.01384,15.790313,15.287506,26.704699,15.04105,16.004166,15.391602,15.66423,15.319858,17.145075,14.5453,15.493941,16.860115,16.152985,44.79686,15.6399,14.753548,15.133616,11.722033,17.037132,13.891418,15.679695,15.947585,14.5632,18.236385,14.700857,17.128075,14.436522,15.0597105,14.483876,14.873362,14.642785,15.848067,14.296509,12.216029,15.462421,16.790394,16.41583,16.932722,18.715334,13.918604,14.668307,14.877624,14.560051,17.035248,13.88373,12.636707,15.398172,15.617113,14.499341
18.078157,14.085701,15.526474,21.992018,15.7783785,15.279888,26.710161,15.039977,16.013956,15.39415,15.686401,15.327513,17.14126,14.546007,15.486891,16.858854,16.106218,44.795837,15.639762,14.746792,15.128678,11.725856,17.047443,13.888426,15.673435,15.94529,14.561427,18.243404,14.696806,17.127485,14.43281,15.04918,14.481246,14.880348,14.652372,15.857918,14.293623,12.21699,15.44875,16.795345,16.42101,16.934015,18.724312,13.923988,14.6606455,14.743118,14.563489,17.025415,13.870206,12.628044,15.399616,15.624733,14.491493
18.074686,14.0877695,15.523768,21.989357,15.771198,15.26989,26.708796,15.040482,16.005814,15.392806,15.69577,15.329575,17.129654,14.5415945,15.488621,16.852453,16.060585,44.79074,15.640116,14.748232,15.127516,11.734642,17.052252,13.878163,15.663942,15.942194,14.555679,18.251247,14.687674,17.12291,14.4303665,15.027227,14.4812,14.882094,14.655173,15.856997,14.288566,12.216814,15.436209,16.795639,16.414124,16.91003,18.71084,13.930052,14.659149,14.658429,14.567997,17.010872,13.868992,12.6204605,15.392667,15.63927,14.490099
18.067686,14.097155,15.525829,21.999681,15.768547,15.258814,26.703266,15.050041,15.998767,15.401922,15.6845,15.337277,17.13869,14.548761,15.488269,16.853495,16.033329,44.79094,15.6407995,14.74831,15.138554,11.748247,17.066595,13.8783245,15.658303,15.939959,14.55182,18.256058,14.686822,17.118227,14.425095,15.013433,14.479035,14.891206,14.653687,15.862099,14.291615,12.215656,15.431553,16.80026,16.422474,16.921638,18.711037,13.935961,14.666632,14.605263,14.577477,16.9993,13.888315,12.618275,15.398199,15.660908,14.496555
18.071987,14.099636,15.533869,22.037767,15.770002,15.251654,26.703167,15.055891,15.9991665,15.425259,15.677277,15.340942,17.14597,14.550209,15.502554,16.857306,16.01855,44.793777,15.647474,14.753509,15.151247,11.755179,17.075539,13.8898735,15.658315,15.941362,14.5568495,18.27121,14.699755,17.11221,14.439749,15.01528,14.474127,14.900459,14.657161,15.87412,14.298656,12.208448,15.4271965,16.8073,16.4235,16.928337,18.72062,13.947405,14.675606,14.562773,14.58643,17.005896,13.923103,12.624573,15.40974,15.672981,14.507212
18.066216,14.102854,15.543034,22.06042,15.772017,15.243035,26.696144,15.058378,15.996472,15.424425,15.66901,15.349789,17.155228,14.558762,15.510216,16.871483,16.005825,44.789757,15.650181,14.752432,15.172229,11.76369,17.070288,13.890178,15.654898,15.946835,14.558537,18.274935,14.707869,17.10573,14.442118,15.012408,14.478781,14.90462,14.656084,15.8737545,14.300293,12.21064,15.439028,16.80899,16.408562,16.93702,18.720926,13.947132,14.6817,14.530878,14.601925,16.998257,13.955345,12.638343,15.429885,15.672225,14.510241
18.05083,14.109169,15.551302,22.072046,15.779714,15.235338,26.688654,15.063335,15.996513,15.42587,15.656599,15.358061,17.166142,14.546936,15.511035,16.887222,16.001762,44.788204,15.662037,14.758798,15.189877,11.767473,17.073603,13.898031,15.653571,15.9539585,14.560953,18.27618,14.720728,17.095474,14.449888,15.005808,14.48454,14.907612,14.65546,15.876304,14.3053465,12.206144,15.446745,16.797756,16.39415,16.93608,18.714811,13.9453945,14.688982,14.517291,14.617175,16.993122,13.984659,12.653043,15.449832,15.670042,14.518562
18.056046,14.113541,15.555989,22.08426,15.785555,15.230215,26.681435,15.069391,16.002594,15.41784,15.652835,15.362143,17.176208,14.549656,15.521912,16.895891,15.994172,44.8144,15.68116,14.766754,15.219044,11.773155,17.080969,13.906452,15.655836,15.962051,14.557892,18.2815,14.725613,17.092424,14.46451,15.010496,14.486929,14.908427,14.655035,15.885984,14.301387,12.212552,15.466389,16.79351,16.37442,16.941177,18.714302,13.955782,14.692909,14.511457,14.625341,16.987,14.003895,12.658482,15.463634,15.663706,14.517624
18.047623,14.111662,15.560868,22.077984,15.786963,15.218023,26.675362,15.066847,16.005371,15.410547,15.645979,15.36399,17.183823,14.542041,15.520435,16.895203,15.983934,44.79742,15.681416,14.769577,15.232437,11.77245,17.080444,13.906697,15.652753,15.974611,14.548204,18.272362,14.719055,17.090843,14.464637,15.007244,14.492472,14.903013,14.646538,15.8808365,14.285206,12.207769,15.466524,16.779694,16.343239,16.915333,18.70312,13.948723,14.686794,14.480692,14.626224,16.973293,14.0076685,12.663514,15.461547,15.649582,14.51128
18.027657,14.097462,15.561867,22.058369,15.776312,15.211439,26.656406,15.054665,16.001928,15.376255,15.646665,15.354864,17.181553,14.532779,15.513399,16.880053,15.972614,44.75743,15.674047,14.767185,15.232429,11.765762,17.066147,13.888972,15.63729,15.977485,14.545572,18.247948,14.704249,17.079212,14.457763,14.997407,14.485001,14.876665,14.6315,15.864602,14.262207,12.198673,15.4623995,16.75239,16.306396,16.886524,18.675676,13.930768,14.676257,14.452085,14.614661,16.954191,13.9967785,12.650725,15.435072,15.633935,14.49984
17.999197,14.095436,15.551777,22.01966,15.759204,15.1964445,26.642128,15.03553,15.993916,15.347149,15.637559,15.350204,17.165707,14.517311,15.504286,16.85742,15.953045,44.736866,15.660255,14.75511,15.219892,11.755827,17.04611,13.869028,15.6245575,15.971247,14.535661,18.235922,14.682101,17.066078,14.450056,14.9819565,14.47249,14.843866,14.617655,15.834908,14.232695,12.187799,15.427856,16.71994,16.28256,16.85857,18.641533,13.920662,14.657036,14.426977,14.598776,16.937122,13.980961,12.633177,15.40691,15.628642,14.490956
17.970613,14.090153,15.5436325,21.985695,15.739943,15.181284,26.619888,15.021882,15.979911,15.326118,15.631193,15.338787,17.158663,14.504809,15.501541,16.834995,15.934152,44.716087,15.647709,14.741994,15.1898985,11.737761,17.014708,13.851461,15.606085,15.958521,14.5310955,18.21177,14.667794,17.050581,14.440693,14.961754,14.46741,14.812129,14.603756,15.8031435,14.211328,12.174654,15.395466,16.687828,16.25615,16.837126,18.611757,13.901104,14.645346,14.392863,14.581932,16.914661,13.971637,12.615807,15.378008,15.625534,14.488323
17.946302,14.079161,15.52486,21.933777,15.721185,15.167274,26.608555,15.003672,15.962753,15.292051,15.610976,15.326722,17.152979,14.490058,15.481255,16.819164,15.919387,44.699028,15.624468,14.729031,15.154852,11.71902,16.985878,13.828541,15.593999,15.948214,14.518116,18.185774,14.643472,17.0335,14.42996,14.931231,14.452063,14.773338,14.596221,15.771944,14.193284,12.169625,15.3611555,16.658165,16.230984,16.806568,18.577278,13.882284,14.625771,14.348116,14.56657,16.890638,13.95482,12.594166,15.346084,15.613909,14.476892
17.925074,14.070339,15.504852,21.883606,15.702763,15.149844,26.597815,14.9853115,15.950956,15.266653,15.606062,15.312487,17.132574,14.473813,15.45661,16.796139,15.901633,44.697277,15.605595,14.720636,15.122788,11.703888,16.96806,13.812269,15.576898,15.934252,14.518535,18.177002,14.621517,17.032204,14.41381,14.909464,14.446547,14.7414,14.584307,15.745792,14.17491,12.163059,15.346331,16.623947,16.212292,16.780859,18.558044,13.869307,14.610893,14.316582,14.546679,16.872911,13.942279,12.573683,15.324299,15.599478,14.462188
17.9063,14.062008,15.492921,21.842663,15.696068,15.138889,26.589077,14.975742,15.94871,15.254793,15.601196,15.315736,17.128391,14.465018,15.450578,16.792492,15.896264,44.680676,15.597947,14.708759,15.106308,11.690731,16.946339,13.802998,15.570985,15.92252,14.518597,18.156715,14.6027565,17.034163,14.408567,14.889954,14.441588,14.725608,14.581922,15.722983,14.170309,12.168194,15.337574,16.610794,16.202631,16.754538,18.552275,13.862436,14.595263,14.296723,14.535027,16.864668,13.925947,12.554511,15.302888,15.5866995,14.446359
17.898586,14.05378,15.470224,21.823448,15.689821,15.134932,26.581974,14.9713,15.949639,15.231992,15.60341,15.307021,17.116383,14.457708,15.4451685,16.783485,15.887793,44.673386,15.597256,14.702471,15.08218,11.682632,16.93774,13.791264,15.565325,15.917879,14.5235405,18.151894,14.583591,17.035587,14.400459,14.88408,14.437777,14.715994,14.582832,15.714733,14.157524,12.173809,15.331272,16.591442,16.197792,16.739895,18.545033,13.860638,14.584322,14.284315,14.530584,16.859608,13.914465,12.544174,15.288464,15.578127,14.432245
17.890343,14.052679,15.463193,21.810097,15.688313,15.13048,26.580944,14.967112,15.946435,15.225068,15.602727,15.299264,17.1017,14.457611,15.444355,16.769993,15.886244,44.68183,15.593292,14.69852,15.066446,11.677864,16.937778,13.78753,15.565306,15.918209,14.532234,18.139631,14.57333,17.043417,14.396744,14.881201,14.438169,14.711686,14.586033,15.709847,14.146297,12.172279,15.329021,16.58422,16.195744,16.731205,18.539442,13.857069,14.577435,14.260263,14.532485,16.858444,13.898508,12.536448,15.28199,15.565142,14.429966
17.888538,14.04933,15.465397,21.807852,15.687845,15.1319275,26.588255,14.956516,15.94796,15.225089,15.608086,15.303873,17.104023,14.456468,15.440422,16.773188,15.884518,44.66832,15.590715,14.70398,15.058886,11.681526,16.931335,13.784494,15.56168,15.908074,14.53296,18.13239,14.569992,17.04942,14.396172,14.880374,14.439814,14.702799,14.583082,15.707014,14.137695,12.175171,15.322943,16.58236,16.190308,16.720959,18.536203,13.863386,14.573144,14.251442,14.529175,16.843273,13.891935,12.525919,15.273566,15.556312,14.429951
17.883713,14.05065,15.462859,21.80458,15.683315,15.125084,26.587404,14.953432,15.944169,15.218878,15.600657,15.301699,17.09396,14.454355,15.442022,16.767061,15.886225,44.654137,15.585501,14.701532,15.050238,11.685248,16.929909,13.78376,15.566636,15.901764,14.528383,18.129543,14.56818,17.045235,14.392021,14.878096,14.441069,14.70021,14.578101,15.70624,14.13156,12.175532,15.321802,16.578815,16.183418,16.711433,18.532064,13.864458,14.570679,14.239178,14.532438,16.845337,13.877792,12.519523,15.270762,15.55505,14.429699
17.883612,14.055136,15.463686,21.800869,15.688383,15.129957,26.589493,14.949711,15.934243,15.216421,15.59353,15.302829,17.097826,14.453767,15.43774,16.766312,15.88447,44.658844,15.588075,14.704247,15.052348,11.681179,16.927713,13.786077,15.566057,15.900451,14.529125,18.126202,14.566294,17.036417,14.398848,14.873814,14.439268,14.68889,14.576506,15.694872,14.126238,12.173822,15.3141365,16.570189,16.1838,16.710852,18.53513,13.865554,14.565121,14.221627,14.532139,16.847927,13.868458,12.514966,15.273297,15.553474,14.427511
17.865402,14.05671,15.460212,21.78463,15.689693,15.130926,26.589264,14.939738,15.933893,15.216682,15.584278,15.310599,17.099821,14.450561,15.430637,16.756363,15.891487,44.63118,15.587654,14.706875,15.054696,11.681388,16.921535,13.775339,15.560836,15.907537,14.533197,18.12401,14.563534,17.032406,14.402311,14.865335,14.442423,14.6771145,14.568404,15.686024,14.119489,12.172914,15.304144,16.564934,16.16895,16.707542,18.529202,13.861914,14.559436,14.203546,14.526509,16.844017,13.862164,12.507293,15.271954,15.556885,14.4291115
17.853865,14.056944,15.458568,21.76957,15.687879,15.13238,26.588192,14.931553,15.930071,15.205173,15.578299,15.311207,17.108036,14.446449,15.426443,16.759266,15.889498,44.64144,15.593096,14.710524,15.055627,11.683695,16.912586,13.770524,15.560013,15.904049,14.535696,18.127903,14.56209,17.0309,14.395031,14.862919,14.44354,14.666197,14.565302,15.677362,14.10657,12.172142,15.302832,16.564077,16.159218,16.70219,18.519928,13.858758,14.560076,14.188959,14.519607,16.822561,13.856228,12.496357,15.269437,15.55979,14.433379
17.838596,14.056569,15.465991,21.744837,15.688083,15.124689,26.563404,14.925617,15.941204,15.19438,15.582042,15.320126,17.102577,14.445111,15.422283,16.760942,15.890326,44.631256,15.596636,14.715593,15.052389,11.686224,16.895126,13.763928,15.547827,15.910064,14.535142,18.12185,14.557591,17.033047,14.397363,14.858536,14.441203,14.654203,14.559147,15.66515,14.099321,12.1718445,15.30084,16.543726,16.144846,16.686394,18.512629,13.859432,14.556945,14.1765375,14.510157,16.81502,13.850666,12.485359,15.263834,15.559446,14.434261
17.819344,14.052961,15.46507,21.726624,15.675944,15.1112995,26.552933,14.918258,15.947049,15.181503,15.580795,15.318611,17.103703,14.437158,15.420626,16.757875,15.890477,44.621586,15.60026,14.713013,15.047031,11.684954,16.880386,13.760858,15.541937,15.908764,14.530357,18.110954,14.5534725,17.023872,14.394525,14.845083,14.4431095,14.644119,14.555815,15.660098,14.093739,12.173647,15.290663,16.527237,16.138958,16.677284,18.511143,13.854082,14.554488,14.1719265,14.505317,16.800787,13.843449,12.473236,15.259299,15.562631,14.433483
17.810125,14.05245,15.46372,21.709457,15.671023,15.106864,26.541912,14.910787,15.950678,15.170322,15.574179,15.320953,17.09964,14.43447,15.412939,16.749004,15.887561,44.61378,15.594905,14.713356,15.034481,11.681875,16.877789,13.760319,15.537914,15.909024,14.528034,18.105396,14.544501,17.022034,14.396154,14.844782,14.442711,14.635015,14.554724,15.653444,14.084774,12.17614,15.280325,16.520243,16.12936,16.664106,18.504889,13.852113,14.551615,14.167261,14.498507,16.790821,13.83437,12.461131,15.256457,15.557627,14.429199
17.802666,14.041596,15.455122,21.695839,15.668072,15.102962,26.53115,14.904728,15.945864,15.162703,15.565436,15.317852,17.102531,14.429365,15.409218,16.752533,15.883832,44.608734,15.591745,14.705844,15.024828,11.678034,16.865587,13.757323,15.5348015,15.907026,14.526466,18.09785,14.544905,17.010818,14.393276,14.834548,14.443888,14.629983,14.553997,15.64779,14.077192,12.173885,15.283796,16.512856,16.126694,16.654453,18.49559,13.851961,14.549072,14.168154,14.495476,16.79501,13.83082,12.453347,15.2421,15.555222,14.425659
17.79908,14.037377,15.450838,21.684431,15.660858,15.097811,26.524734,14.907132,15.931314,15.163107,15.570723,15.312809,17.10577,14.42215,15.41029,16.740524,15.881669,44.623142,15.583729,14.702362,15.012284,11.675688,16.864765,13.757847,15.53575,15.904434,14.524763,18.088945,14.53998,17.012522,14.394787,14.835346,14.44252,14.625893,14.554089,15.638818,14.0746765,12.169055,15.280754,16.51503,16.126684,16.650887,18.488077,13.852898,14.540903,14.16146,14.491575,16.78962,13.8237095,12.448524,15.238007,15.548718,14.423027
17.794449,14.037738,15.445492,21.681377,15.658224,15.096813,26.516651,14.906917,15.926843,15.167552,15.580331,15.304762,17.098614,14.418851,15.40825,16.73222,15.875738,44.608093,15.579411,14.700241,15.004331,11.66946,16.86292,13.754892,15.530586,15.898308,14.521459,18.077747,14.533751,17.014475,14.387798,14.830902,14.439542,14.62483,14.551489,15.637643,14.072912,12.162981,15.269664,16.513067,16.125406,16.658497,18.489594,13.850899,14.537292,14.163254,14.497967,16.789822,13.818796,12.443375,15.22871,15.546912,14.419897
17.786446,14.03474,15.441404,21.67292,15.657822,15.094693,26.516945,14.902568,15.921078,15.165681,15.577201,15.302458,17.082386,14.415639,15.405736,16.726833,15.87218,44.606926,15.569862,14.697811,14.994149,11.667165,16.862137,13.754634,15.531717,15.887499,14.517725,18.081833,14.532259,17.007906,14.388418,14.825378,14.433893,14.620645,14.548811,15.634146,14.069568,12.15816,15.269087,16.51289,16.125969,16.653038,18.493994,13.843377,14.535452,14.157507,14.491069,16.780396,13.812106,12.439237,15.224644,15.543354,14.4116335
17.783659,14.032675,15.437059,21.674349,15.644604,15.088459,26.514275,14.903261,15.9200735,15.1651745,15.574856,15.29485,17.075829,14.416315,15.398675,16.731796,15.870157,44.595787,15.568876,14.693982,14.991444,11.66387,16.854052,13.754236,15.529779,15.885571,14.513586,18.07594,14.532644,17.00452,14.392977,14.822818,14.435145,14.624201,14.545308,15.633175,14.070755,12.153098,15.26846,16.513138,16.12107,16.652279,18.493437,13.834806,14.531788,14.14965,14.486891,16.781303,13.808169,12.436903,15.22376,15.538429,14.40983
17.780817,14.029018,15.432789,21.67087,15.640472,15.08666,26.503296,14.899984,15.919337,15.163467,15.575895,15.290368,17.07641,14.413111,15.392391,16.73262,15.86373,44.600777,15.562416,14.6869755,14.986858,11.65953,16.855202,13.750059,15.529176,15.8781595,14.507622,18.067623,14.530321,16.999441,14.388569,14.815948,14.430855,14.618524,14.547021,15.630048,14.0730915,12.149524,15.261496,16.517597,16.113768,16.653288,18.491817,13.831989,14.528458,14.143637,14.480449,16.786564,13.797637,12.432894,15.222477,15.537286,14.408632
17.7782,14.026796,15.429434,21.661633,15.636404,15.080689,26.50005,14.898093,15.91813,15.16471,15.56721,15.289781,17.066341,14.412646,15.380934,16.728199,15.856659,44.59192,15.56159,14.683382,14.990963,11.652863,16.847271,13.749486,15.524519,15.869891,14.500446,18.070185,14.524324,16.992523,14.384,14.814259,14.427158,14.619698,14.539595,15.627398,14.075372,12.152173,15.260168,16.515846,16.110577,16.648342,18.481815,13.829314,14.52684,14.137493,14.475615,16.781517,13.795134,12.435255,15.219609,15.531649,14.408541
17.77678,14.0207,15.424728,21.652107,15.636212,15.078891,26.494774,14.899957,15.9127655,15.160578,15.56882,15.284787,17.059671,14.415596,15.381567,16.723717,15.851529,44.573715,15.555866,14.684076,14.986741,11.64695,16.845028,13.744422,15.519896,15.865485,14.500734,18.063808,14.522459,16.982786,14.385659,14.812607,14.420517,14.616573,14.540762,15.619478,14.069825,12.147396,15.270413,16.516035,16.11055,16.647232,18.484102,13.827618,14.525454,14.1335335,14.476246,16.785141,13.788803,12.430614,15.21386,15.537477,14.406382
17.777977,14.023824,15.412262,21.658058,15.63781,15.077583,26.492016,14.901278,15.917702,15.16513,15.559318,15.281639,17.062428,14.415738,15.38126,16.723902,15.852955,44.551098,15.551669,14.677591,14.98303,11.647219,16.847454,13.744583,15.520167,15.860549,14.497759,18.068972,14.52063,16.978794,14.385916,14.8193,14.420532,14.617993,14.540714,15.625156,14.076265,12.145515,15.262934,16.52118,16.114248,16.652866,18.485752,13.830858,14.5248995,14.127001,14.472227,16.783407,13.784407,12.433136,15.214783,15.536821,14.404527
17.782791,14.023687,15.419158,21.6553,15.634561,15.07666,26.49519,14.903971,15.913831,15.160595,15.559623,15.2868,17.06115,14.414505,15.386904,16.735271,15.850914,44.55921,15.557701,14.68196,14.984806,11.652502,16.85131,13.746285,15.524795,15.859364,14.498747,18.070244,14.519077,16.985931,14.385822,14.826819,14.42209,14.622953,14.541453,15.626799,14.079993,12.14337,15.266937,16.525143,16.121311,16.651949,18.488659,13.834526,14.525119,14.132614,14.473051,16.785442,13.783836,12.43063,15.215023,15.538609,14.406563
17.786179,14.022104,15.417233,21.648045,15.632444,15.077108,26.493235,14.907967,15.912054,15.160763,15.557283,15.286655,17.059143,14.416983,15.385061,16.73227,15.8492155,44.545647,15.558893,14.685587,14.983255,11.65443,16.858742,13.749006,15.528552,15.853289,14.497246,18.070042,14.521791,16.984512,14.386623,14.824711,14.422454,14.6244545,14.54021,15.629917,14.084158,12.146252,15.269671,16.52556,16.125158,16.649195,18.487415,13.832158,14.522898,14.133719,14.479193,16.793137,13.788031,12.430995,15.218475,15.538824,14.405109
17.786852,14.019526,15.413595,21.650414,15.633364,15.08378,26.490543,14.902372,15.915258,15.167469,15.555317,15.281505,17.06282,14.416952,15.386936,16.737206,15.855496,44.590183,15.55829,14.686407,14.98434,11.656309,16.853569,13.747334,15.534763,15.857237,14.494914,18.068573,14.5222225,16.989595,14.389018,14.829235,14.419722,14.6259,14.541965,15.628735,14.08439,12.146256,15.269836,16.526901,16.12929,16.65477,18.487074,13.834536,14.525488,14.135967,14.47562,16.796587,13.785799,12.432824,15.218352,15.534572,14.406124
17.792274,14.022146,15.411469,21.660423,15.638584,15.089093,26.498228,14.899164,15.916298,15.164482,15.559425,15.2859955,17.070591,14.420477,15.386252,16.736757,15.856614,44.57712,15.56541,14.690859,14.979801,11.657965,16.859657,13.746151,15.532583,15.856184,14.499544,18.066244,14.521858,16.993637,14.385815,14.8313265,14.416481,14.626207,14.545057,15.628057,14.081097,12.14517,15.269949,16.528246,16.130848,16.660212,18.486027,13.833685,14.531832,14.132785,14.479262,16.795406,13.787136,12.433388,15.211718,15.532469,14.397482
17.792774,14.02308,15.410752,21.661566,15.637261,15.094044,26.50095,14.903,15.918379,15.167387,15.562962,15.281473,17.065844,14.420233,15.382089,16.736889,15.856745,44.602875,15.562209,14.6921215,14.98901,11.653405,16.859976,13.745886,15.5379305,15.858436,14.498322,18.0734,14.522011,16.9882,14.386433,14.836059,14.415033,14.630596,14.545879,15.62809,14.089058,12.145972,15.270618,16.531662,16.133633,16.660988,18.484419,13.848679,14.532219,14.13127,14.481902,16.804518,13.784557,12.437597,15.217102,15.534666,14.404095
17.79301,14.023064,15.416304,21.66475,15.633477,15.096914,26.497107,14.902082,15.91979,15.172704,15.567682,15.281464,17.053963,14.421909,15.384678,16.72898,15.862428,44.598663,15.564976,14.688128,14.996073,11.655081,16.864641,13.746414,15.538309,15.858197,14.496784,18.075947,14.519599,16.989244,14.388716,14.836714,14.41314,14.632665,14.544325,15.63053,14.085815,12.146574,15.26966,16.534527,16.135172,16.66032,18.482761,13.84312,14.5280285,14.139198,14.480549,16.804424,13.785903,12.441288,15.220358,15.535648,14.405925
17.788403,14.02527,15.411276,21.664791,15.631453,15.095904,26.495636,14.906361,15.918756,15.168935,15.567736,15.285533,17.058037,14.419806,15.384422,16.739393,15.859505,44.61963,15.566195,14.687103,14.997571,11.658529,16.859612,13.749054,15.539895,15.858549,14.497023,18.071293,14.523262,16.992723,14.387408,14.837053,14.416696,14.627861,14.542398,15.6319685,14.0854225,12.14996,15.269625,16.524357,16.132284,16.658848,18.483051,13.842321,14.519771,14.138519,14.481716,16.79484,13.791404,12.44109,15.222941,15.539536,14.404802
17.786457,14.023325,15.409079,21.663874,15.6378975,15.095615,26.495728,14.90797,15.920855,15.167243,15.566263,15.281196,17.061768,14.418978,15.385413,16.734982,15.85868,44.604797,15.56882,14.6899,14.996351,11.653769,16.860931,13.748875,15.53839,15.86178,14.495493,18.081114,14.521908,16.990396,14.386747,14.835142,14.419086,14.625879,14.544344,15.636028,14.085615,12.15094,15.272795,16.518766,16.132992,16.655067,18.47651,13.841761,14.523487,14.13628,14.481458,16.790665,13.793516,12.4393015,15.220469,15.538153,14.401322
17.78962,14.027134,15.408464,21.665066,15.639167,15.092485,26.493519,14.9035845,15.925715,15.166624,15.573551,15.284117,17.062656,14.4249935,15.384596,16.727913,15.866136,44.606586,15.568607,14.691812,15.000685,11.652999,16.860703,13.752055,15.536802,15.864887,14.499189,18.078615,14.523842,16.992329,14.383392,14.835435,14.420854,14.62805,14.552057,15.642785,14.080481,12.152144,15.273967,16.515944,16.13438,16.660234,18.482801,13.840312,14.523507,14.1465,14.484175,16.787056,13.796008,12.440889,15.2231865,15.536341,14.407121
17.791546,14.024849,15.4110565,21.66343,15.640599,15.092108,26.493153,14.908755,15.929697,15.168217,15.575588,15.283003,17.063978,14.425789,15.390765,16.728235,15.866337,44.580994,15.566265,14.692006,14.9998045,11.652996,16.85878,13.754656,15.53712,15.857211,14.502279,18.087528,14.519448,16.995403,14.391653,14.837483,14.427877,14.623218,14.557946,15.652236,14.080914,12.152489,15.268841,16.520943,16.133883,16.662945,18.485312,13.847416,14.531652,14.139943,14.485939,16.794369,13.795498,12.438577,15.224611,15.5351925,14.405605
17.79863,14.027042,15.41131,21.659164,15.640184,15.0944195,26.499504,14.913425,15.930885,15.165053,15.583458,15.288454,17.05951,14.426939,15.386733,16.721584,15.865402,44.58874,15.567887,14.693014,14.996412,11.656431,16.857906,13.753462,15.540361,15.85473,14.50507,18.08862,14.5219345,17.007318,14.393045,14.837288,14.426714,14.627631,14.555858,15.646679,14.080361,12.152023,15.267326,16.51678,16.133165,16.664015,18.492107,13.850389,14.529739,14.141636,14.488418,16.801693,13.794951,12.444574,15.225301,15.536125,14.403107
17.798706,14.036104,15.405094,21.6651,15.640932,15.097841,26.50108,14.913504,15.9328785,15.173787,15.587122,15.2883835,17.06136,14.43149,15.389921,16.729143,15.873253,44.588737,15.570999,14.694295,14.996474,11.655237,16.865377,13.756164,15.543915,15.85938,14.507,18.089867,14.524299,17.011452,14.3914385,14.843,14.429284,14.632165,14.560201,15.649104,14.085727,12.153937,15.27404,16.520592,16.134426,16.668766,18.49514,13.850086,14.538765,14.143715,14.480639,16.799076,13.796997,12.449556,15.224131,15.5389385,14.399735
17.799004,14.039305,15.408956,21.66859,15.644911,15.1019745,26.504091,14.919552,15.936997,15.176995,15.58301,15.291912,17.06179,14.431385,15.395105,16.731327,15.87414,44.585854,15.577591,14.696828,14.999408,11.655979,16.86467,13.762111,15.538518,15.861745,14.507586,18.092173,14.52841,17.00885,14.399004,14.843451,14.4351635,14.635909,14.563328,15.659644,14.089777,12.156526,15.275245,16.53241,16.137575,16.67547,18.496902,13.852306,14.545541,14.14711,14.48238,16.798271,13.801556,12.450742,15.228491,15.543578,14.397684
17.804108,14.03844,15.415898,21.664045,15.64876,15.103423,26.512585,14.920858,15.948046,15.181618,15.588785,15.293104,17.057793,14.435679,15.4028015,16.733513,15.881355,44.597412,15.57588,14.700729,14.999733,11.661278,16.870827,13.76809,15.542416,15.867962,14.512253,18.097286,14.535259,17.010443,14.40588,14.844529,14.436286,14.638556,14.569801,15.663765,14.093626,12.152668,15.267912,16.536314,16.139061,16.673971,18.496435,13.856657,14.548003,14.147871,14.48637,16.799143,13.8064995,12.453949,15.231213,15.54248,14.399401
18.9683,15.10096,16.349257,23.08794,16.712227,16.348484,27.67286,16.091677,17.124977,16.257626,16.607517,16.408176,18.102703,15.360477,16.765675,17.8919,17.070026,45.70873,16.59011,15.671728,16.193567,12.722746,18.051867,14.909773,16.709402,16.881876,15.702891,19.2631,15.77364,18.176682,15.588984,16.05473,15.521524,15.483566,15.688454,16.822075,15.253666,12.949392,16.224312,17.619707,17.310482,17.507545,19.665344,15.009787,15.631357,15.196567,15.61291,17.727488,14.650686,13.57526,16.330154,16.665672,15.403349
17.796375,14.041082,15.400999,21.66167,15.648375,15.101332,26.507877,14.912867,15.946393,15.177366,15.592445,15.295855,17.048716,14.437298,15.412179,16.727379,15.897703,44.54448,15.5812435,14.694792,15.001552,11.659531,16.876152,13.773371,15.537717,15.841188,14.499061,18.095371,14.516354,16.990662,14.424411,14.841278,14.438462,14.613955,14.5580845,15.6397505,14.083002,12.161154,15.268049,16.531693,16.148304,16.654478,18.494442,13.855233,14.549585,14.15712,14.500249,16.807384,13.80587,12.466863,15.237736,15.54509,14.400159
17.796822,14.041882,15.402173,21.657513,15.648893,15.095445,26.503452,14.915735,15.944546,15.174938,15.584398,15.290586,17.051765,14.431637,15.406265,16.721903,15.889246,44.54055,15.580258,14.690662,15.001496,11.660255,16.87291,13.773682,15.539554,15.838403,14.49291,18.09452,14.519476,16.992111,14.418695,14.841678,14.441011,14.615539,14.561264,15.646901,14.084156,12.155845,15.270713,16.530983,16.143074,16.655634,18.495306,13.850481,14.54519,14.154309,14.499447,16.809626,13.807666,12.46595,15.235643,15.541775,14.404505
17.796543,14.048017,15.399724,21.664436,15.648156,15.090336,26.50491,14.917532,15.943596,15.176548,15.578248,15.289415,17.059294,14.429268,15.412514,16.720535,15.890995,44.53422,15.58083,14.690034,14.995011,11.661299,16.878237,13.772172,15.545119,15.844227,14.501735,18.092228,14.52348,16.991604,14.4172325,14.840572,14.437937,14.61589,14.55961,15.644652,14.078798,12.16094,15.264305,16.529354,16.143051,16.658619,18.495827,13.8517275,14.546448,14.156635,14.504211,16.799265,13.807438,12.464614,15.235407,15.542858,14.408433
17.803051,14.045073,15.401513,21.666204,15.646911,15.087141,26.515678,14.912373,15.954641,15.17461,15.586073,15.293362,17.053997,14.434691,15.408192,16.723976,15.892003,44.53135,15.576828,14.6922245,14.997739,11.657204,16.874245,13.7732,15.548252,15.835535,14.510054,18.10049,14.523273,16.993282,14.423719,14.843664,14.438908,14.617416,14.560071,15.652468,14.08662,12.159004,15.271948,16.53128,16.145836,16.657871,18.493423,13.850347,14.549637,14.151413,14.499565,16.79867,13.811842,12.463781,15.2343025,15.548595,14.400633
17.795881,14.046567,15.403813,21.664349,15.645006,15.085639,26.513147,14.911768,15.948079,15.169539,15.586887,15.288786,17.046158,14.433556,15.405854,16.722797,15.893323,44.526123,15.577417,14.692277,15.002885,11.656887,16.867762,13.772599,15.540586,15.844139,14.504181,18.100197,14.519276,16.991617,14.419946,14.846974,14.438477,14.616654,14.561375,15.646343,14.086485,12.159695,15.273408,16.526852,16.141624,16.657475,18.486597,13.851877,14.546649,14.149866,14.501596,16.796627,13.809759,12.460536,15.237968,15.551283,14.398847
17.795212,14.041801,15.404321,21.659676,15.640906,15.090226,26.509949,14.911954,15.94796,15.172998,15.593218,15.290458,17.044607,14.430874,15.410641,16.722883,15.897104,44.524776,15.578634,14.689657,15.001522,11.656307,16.871386,13.774346,15.535503,15.843784,14.502008,18.09822,14.51852,16.995752,14.4162445,14.847055,14.4375,14.6145735,14.560652,15.644964,14.083761,12.161377,15.2721195,16.53162,16.140888,16.65076,18.486446,13.850473,14.550421,14.154609,14.4987755,16.803213,13.808422,12.456813,15.23844,15.54497,14.399617
17.795582,14.042597,15.404822,21.658882,15.638586,15.094165,26.512587,14.914751,15.945887,15.171486,15.593372,15.295134,17.04255,14.435572,15.409193,16.723547,15.893211,44.515694,15.579077,14.689224,14.998455,11.655991,16.87159,13.776468,15.536559,15.845861,14.502176,18.096485,14.519798,16.992447,14.4170685,14.845854,14.442877,14.616936,14.559729,15.649206,14.084799,12.161091,15.272673,16.531658,16.144554,16.65589,18.489454,13.856786,14.549236,14.154318,14.504099,16.811176,13.808455,12.455727,15.2398405,15.54429,14.401453
17.793064,14.043997,15.407791,21.652538,15.641166,15.094083,26.50943,14.911913,15.946411,15.171301,15.597185,15.297649,17.040333,14.43148,15.406551,16.71888,15.896676,44.515617,15.578929,14.689288,15.00041,11.650905,16.875256,13.775245,15.53838,15.844692,14.500803,18.099607,14.523085,16.993832,14.416512,14.846155,14.444239,14.615508,14.556249,15.651986,14.084823,12.159352,15.272344,16.525702,16.140587,16.65385,18.48342,13.854008,14.548637,14.156029,14.503693,16.811247,13.807194,12.4536705,15.236246,15.55191,14.401102
17.793064,14.044066,15.40115,21.64878,15.64076,15.091667,26.512886,14.908731,15.944361,15.17235,15.590567,15.291011,17.047812,14.431985,15.406207,16.718292,15.894932,44.51348,15.57489,14.685961,14.996099,11.649807,16.87431,13.771536,15.540247,15.845049,14.504702,18.098927,14.525665,16.989971,14.419201,14.847929,14.437576,14.61009,14.557252,15.649406,14.084164,12.160034,15.272852,16.526789,16.142174,16.65295,18.487455,13.850905,14.545759,14.155926,14.502298,16.812313,13.809316,12.456289,15.235116,15.549263,14.4029
17.793215,14.045799,15.396587,21.653606,15.642399,15.090487,26.505249,14.909729,15.946293,15.171562,15.589451,15.289537,17.04677,14.436249,15.400611,16.71752,15.890591,44.521873,15.573833,14.68763,14.993985,11.653624,16.876955,13.770718,15.53648,15.847872,14.50361,18.102198,14.523899,16.990473,14.414417,14.850952,14.442472,14.610795,14.559437,15.64697,14.086121,12.159296,15.268681,16.526728,16.140957,16.651367,18.48957,13.850664,14.545475,14.154263,14.500968,16.81985,13.812086,12.455754,15.237294,15.551089,14.403059
17.794844,14.043209,15.396871,21.656128,15.641313,15.090416,26.496548,14.907434,15.947352,15.175831,15.592278,15.29332,17.050869,14.436561,15.402503,16.719349,15.892192,44.528656,15.5725155,14.68363,14.996003,11.652456,16.880596,13.771177,15.53659,15.843194,14.50819,18.10672,14.523424,16.991217,14.414549,14.83927,14.440426,14.610046,14.556604,15.651705,14.081354,12.160793,15.274393,16.530544,16.143553,16.64983,18.489498,13.849878,14.543527,14.161689,14.506622,16.809326,13.813632,12.453494,15.231396,15.554378,14.399853
17.798367,14.044277,15.389005,21.655823,15.645014,15.089209,26.495415,14.909876,15.949013,15.171617,15.592695,15.293032,17.042965,14.439335,15.407351,16.721172,15.8907,44.532402,15.574898,14.681763,14.99045,11.6535635,16.880724,13.767254,15.541375,15.8433075,14.507159,18.09938,14.5224285,16.988947,14.4116335,14.833189,14.44191,14.6098175,14.558884,15.652081,14.079077,12.168562,15.270269,16.527699,16.135126,16.654762,18.489487,13.847862,14.543088,14.164542,14.504894,16.808231,13.81726,12.456424,15.232747,15.553733,14.401163
17.798477,14.043255,15.395986,21.652208,15.639618,15.090638,26.499088,14.905338,15.941805,15.174566,15.589205,15.289642,17.04742,14.433715,15.408257,16.719103,15.889497,44.51576,15.569597,14.679781,14.989802,11.653906,16.880825,13.767399,15.53919,15.844646,14.504552,18.106146,14.523814,16.990227,14.416315,14.837298,14.441884,14.6096115,14.5592,15.648494,14.079847,12.164356,15.265305,16.522867,16.133022,16.650753,18.492,13.84576,14.538859,14.156862,14.505365,16.804092,13.811117,12.456474,15.240141,15.55611,14.402967
17.798826,14.045293,15.401236,21.64891,15.647106,15.094162,26.5042,14.906551,15.936856,15.17395,15.591652,15.290562,17.05328,14.431499,15.405611,16.717741,15.891378,44.531075,15.575426,14.676397,14.992845,11.651442,16.881851,13.773757,15.541328,15.844205,14.502365,18.098967,14.520206,16.991568,14.409332,14.840134,14.435419,14.606285,14.558315,15.653021,14.08094,12.168764,15.266215,16.524937,16.136131,16.649426,18.491552,13.84642,14.547578,14.156729,14.511368,16.80663,13.810469,12.460655,15.237341,15.554718,14.3998165
17.791147,14.041233,15.395173,21.648863,15.645547,15.096851,26.501701,14.909452,15.933743,15.176284,15.584345,15.288547,17.04736,14.430262,15.407999,16.714699,15.889678,44.531086,15.56893,14.679954,14.993976,11.65131,16.880283,13.7726555,15.539614,15.837007,14.5023,18.102026,14.515446,16.996925,14.412656,14.837328,14.437973,14.605682,14.558011,15.651258,14.078798,12.167833,15.264288,16.525925,16.138264,16.646694,18.487543,13.851215,14.546116,14.157009,14.510371,16.808842,13.815718,12.4624,15.238327,15.555137,14.399309
17.794884,14.043943,15.392363,21.65264,15.644112,15.096829,26.498074,14.909558,15.942034,15.172895,15.581429,15.291415,17.048418,14.432107,15.405155,16.71788,15.8926,44.539017,15.574699,14.680254,14.999287,11.653574,16.883476,13.776513,15.536892,15.83494,14.502763,18.094847,14.523687,16.99662,14.412819,14.836578,14.432593,14.6030035,14.560476,15.658833,14.076519,12.165509,15.267328,16.527447,16.13838,16.64488,18.48418,13.848326,14.548752,14.157698,14.50749,16.81328,13.81604,12.465715,15.23587,15.551275,14.398838
17.796425,14.043971,15.396845,21.642412,15.645309,15.093035,26.496649,14.908325,15.946881,15.17895,15.579329,15.293844,17.042593,14.431772,15.410707,16.71599,15.890436,44.55793,15.571477,14.678303,14.989305,11.65239,16.881342,13.774481,15.540445,15.839764,14.503014,18.105537,14.521862,16.990105,14.408606,14.841713,14.433712,14.602123,14.561262,15.653482,14.0765295,12.162404,15.263378,16.524508,16.14425,16.651524,18.48275,13.851321,14.548414,14.156831,14.511358,16.817091,13.817733,12.460182,15.230434,15.554971,14.398016
17.793928,14.041035,15.393636,21.64273,15.644299,15.095911,26.503849,14.905133,15.945116,15.179715,15.588657,15.290627,17.038536,14.4288845,15.404251,16.720047,15.884293,44.560684,15.570337,14.676896,14.991049,11.649462,16.880478,13.770796,15.534699,15.836941,14.497292,18.105305,14.518076,16.998987,14.40909,14.840246,14.438558,14.601858,14.562854,15.652626,14.076136,12.165229,15.263012,16.525038,16.1424,16.647781,18.481861,13.850464,14.542683,14.158669,14.510239,16.814491,13.816242,12.460054,15.2366085,15.554251,14.4018135
17.793262,14.052863,15.397484,21.639484,15.639088,15.088804,26.497248,14.906616,15.940913,15.178268,15.584339,15.295895,17.040798,14.42624,15.4079,16.712517,15.887411,44.537445,15.5704155,14.684734,14.993696,11.654037,16.881134,13.772679,15.534661,15.841133,14.497414,18.100086,14.516008,16.998177,14.410435,14.837409,14.437846,14.601886,14.564129,15.653684,14.074415,12.159672,15.265362,16.517689,16.139648,16.65301,18.486265,13.8482685,14.540233,14.1626625,14.508585,16.80986,13.814459,12.456739,15.233242,15.550196,14.403851
17.796192,14.04582,15.3950205,21.651886,15.641924,15.088133,26.490816,14.903536,15.9358635,15.172163,15.584646,15.291187,17.041164,14.4303,15.409006,16.712055,15.883808,44.54746,15.573719,14.679337,15.000145,11.652675,16.879189,13.773165,15.53277,15.840179,14.494917,18.09756,14.517288,16.98828,14.407652,14.832037,14.433786,14.600675,14.562588,15.650456,14.076649,12.158766,15.26305,16.517187,16.140762,16.650661,18.48971,13.853958,14.54693,14.162172,14.506994,16.80428,13.813559,12.455513,15.236187,15.555685,14.40457
17.797232,14.041069,15.391375,21.649267,15.645087,15.085125,26.499825,14.903212,15.9332485,15.169361,15.584076,15.290134,17.039827,14.429494,15.407778,16.714483,15.886769,44.533073,15.571367,14.681527,14.997494,11.6483965,16.880894,13.766771,15.538206,15.831828,14.491268,18.096558,14.512644,16.993557,14.404636,14.830064,14.438273,14.6019745,14.559063,15.650268,14.076159,12.162645,15.261639,16.515831,16.135942,16.65263,18.485111,13.852941,14.54454,14.159204,14.5074005,16.80096,13.813324,12.45375,15.236746,15.553757,14.397857
17.796253,14.042228,15.3935795,21.644886,15.642707,15.088121,26.504505,14.8966465,15.93672,15.174152,15.588051,15.288543,17.039495,14.430174,15.4054785,16.707857,15.891122,44.539066,15.5723915,14.681364,14.992674,11.652903,16.880535,13.772957,15.537378,15.837888,14.494525,18.097416,14.51254,16.996881,14.402739,14.828022,14.442032,14.603697,14.557657,15.65629,14.0776205,12.162046,15.258265,16.523392,16.140322,16.652042,18.491442,13.856659,14.54431,14.156868,14.500265,16.792858,13.810856,12.453779,15.237804,15.552532,14.400157
17.800507,14.042134,15.395727,21.649937,15.641047,15.089842,26.492682,14.898229,15.937658,15.170306,15.590617,15.289732,17.041237,14.430927,15.40534,16.710611,15.890388,44.553303,15.570218,14.677773,14.991938,11.651848,16.882154,13.7684555,15.541759,15.8375845,14.496002,18.10234,14.512552,16.995312,14.402847,14.831476,14.441822,14.602079,14.555266,15.657949,14.076531,12.160353,15.257803,16.526566,16.138332,16.646307,18.493177,13.857598,14.544878,14.157711,14.505047,16.798735,13.810029,12.456018,15.234797,15.551395,14.399146
17.795158,14.043436,15.394132,21.650288,15.642112,15.089355,26.486656,14.899909,15.940436,15.166868,15.587616,15.289447,17.04087,14.434314,15.40929,16.716091,15.888123,44.560997,15.5636635,14.676703,14.988619,11.651446,16.882002,13.7648945,15.540388,15.839753,14.498816,18.097265,14.511449,16.999882,14.408698,14.829138,14.442383,14.602446,14.553169,15.658195,14.080629,12.161294,15.256262,16.526583,16.142647,16.644836,18.49288,13.854681,14.543314,14.160108,14.504751,16.794514,13.811457,12.463448,15.2404785,15.54867,14.400642
17.79512,14.045375,15.396162,21.647182,15.642459,15.084619,26.493628,14.901491,15.945076,15.168383,15.58794,15.286398,17.042,14.43062,15.407082,16.712055,15.888258,44.55703,15.573245,14.677584,14.992647,11.651407,16.878897,13.766352,15.542814,15.8365965,14.494392,18.100666,14.514691,16.99826,14.40501,14.831009,14.437825,14.6026535,14.551979,15.651863,14.079386,12.161596,15.258444,16.520166,16.139427,16.647842,18.489647,13.856126,14.540407,14.159058,14.500341,16.806622,13.814337,12.459381,15.238736,15.553405,14.401667
17.796099,14.045994,15.394637,21.638277,15.643936,15.092558,26.49578,14.901739,15.937049,15.169376,15.584547,15.288193,17.032505,14.428854,15.412837,16.712164,15.892155,44.576073,15.569889,14.675745,14.9956455,11.655274,16.887987,13.770582,15.5382595,15.828667,14.493708,18.095818,14.512182,16.998537,14.4051,14.830118,14.439254,14.599299,14.558575,15.654816,14.0814705,12.162998,15.259155,16.517767,16.139633,16.649889,18.481888,13.857214,14.538736,14.154915,14.501188,16.815968,13.810232,12.45928,15.235271,15.556976,14.400036
17.795628,14.047023,15.39605,21.648163,15.643224,15.088519,26.498367,14.90834,15.942935,15.166034,15.583608,15.28896,17.029652,14.429037,15.414179,16.717327,15.896206,44.557976,15.569463,14.675076,14.993548,11.654913,16.883947,13.772582,15.534476,15.838266,14.495604,18.093708,14.515499,16.992012,14.408384,14.823106,14.443452,14.5980835,14.556744,15.661961,14.080889,12.162006,15.259314,16.521004,16.145134,16.64865,18.482153,13.855001,14.538851,14.153266,14.502474,16.81201,13.810512,12.461824,15.236998,15.558591,14.397621
17.158287,13.506658,14.8403,20.877539,15.06448,14.553751,25.601534,14.378778,15.340344,14.676571,15.061696,14.725411,16.453459,13.926268,14.879715,16.152927,15.3289585,42.944653,15.051136,14.149796,14.460846,11.237488,16.28538,13.305441,15.008896,15.283651,13.983249,17.480145,13.998436,16.394075,13.889584,14.318448,13.936073,14.088173,14.055064,15.107707,13.60697,11.757589,14.733038,15.945765,15.60601,16.066301,17.857807,13.371853,14.006778,13.657218,14.028606,16.261322,13.312424,12.007077,14.698536,15.016283,13.867981
